symbol,date,eps,log_eps
AARTECH,2023-03-31,-0.1,
AARTECH,2023-06-30,0.23,-1.4696759700589417
AARTECH,2023-09-30,0.14,-1.9661128563728327
AARTECH,2023-12-31,0.19,-1.6607312068216509
AARTECH,2024-03-31,-0.13,
AARTECH,2024-06-30,0.33,-1.1086626245216111
AARTECH,2024-09-30,0.48,-0.7339691750802004
AARTECH,2024-12-31,0.58,-0.5447271754416722
AARTECH,2025-03-31,-0.53,
AARTECH,2025-06-30,0.3,-1.2039728043259361
AARTECH,2025-09-30,0.68,-0.3856624808119846
AARTECH,2025-12-31,0.19,-1.6607312068216509
AARTIDRUGS,2023-03-31,6.06,1.801709800081223
AARTIDRUGS,2023-06-30,5.17,1.6428726885203377
AARTIDRUGS,2023-09-30,4.31,1.4609379041156563
AARTIDRUGS,2023-12-31,3.99,1.3837912309017721
AARTIDRUGS,2024-03-31,5.15,1.6389967146756448
AARTIDRUGS,2024-06-30,3.62,1.2864740258376797
AARTIDRUGS,2024-09-30,3.84,1.3454723665996355
AARTIDRUGS,2024-12-31,4.06,1.4011829736136412
AARTIDRUGS,2025-03-31,6.89,1.9300710850255671
AARTIDRUGS,2025-06-30,5.91,1.776645831418007
AARTIDRUGS,2025-09-30,4.96,1.601405740736836
AARTIDRUGS,2025-12-31,4.44,1.4906543764441336
AARTIIND,2023-03-31,4.11,1.4134230285081433
AARTIIND,2023-06-30,1.93,0.6575200029167941
AARTIIND,2023-09-30,2.51,0.9202827531436925
AARTIIND,2023-12-31,3.42,1.2296405510745139
AARTIIND,2024-03-31,3.64,1.2919836816486494
AARTIIND,2024-06-30,3.78,1.3297240096314962
AARTIIND,2024-09-30,1.43,0.3576744442718159
AARTIIND,2024-12-31,1.27,0.23901690047049992
AARTIIND,2025-03-31,2.65,0.9745596399981308
AARTIIND,2025-06-30,1.19,0.17395330712343798
AARTIIND,2025-09-30,2.92,1.0715836162801904
AARTIIND,2025-12-31,3.67,1.3001916620664788
AARTIPHARM,2023-03-31,4.73,1.5539252025038417
AARTIPHARM,2023-06-30,5.2,1.6486586255873816
AARTIPHARM,2023-09-30,5.72,1.7439688053917064
AARTIPHARM,2023-12-31,5.82,1.7613002617433464
AARTIPHARM,2024-03-31,7.2,1.9740810260220096
AARTIPHARM,2024-06-30,6.12,1.8115620965242347
AARTIPHARM,2024-09-30,6.03,1.7967470107390942
AARTIPHARM,2024-12-31,8.16,2.0992441689760155
AARTIPHARM,2025-03-31,9.75,2.277267285009756
AARTIPHARM,2025-06-30,5.46,1.6974487897568136
AARTIPHARM,2025-09-30,3.08,1.1249295969854831
AARTIPHARM,2025-12-31,5.29,1.665818245870208
AARTISURF,2023-03-31,5.52,1.7083778602890038
AARTISURF,2023-06-30,6.18,1.8213182714695995
AARTISURF,2023-09-30,5.58,1.7191887763932197
AARTISURF,2023-12-31,7.86,2.061786606441115
AARTISURF,2024-03-31,5.5,1.7047480922384253
AARTISURF,2024-06-30,2.62,0.9631743177730056
AARTISURF,2024-09-30,2.14,0.7608058290337602
AARTISURF,2024-12-31,0.95,-0.05129329438755058
AARTISURF,2025-03-31,11.49,2.4414770918606643
AARTISURF,2025-06-30,3.48,1.247032293786383
AARTISURF,2025-09-30,1.84,0.6097655716208943
AARTISURF,2025-12-31,4.32,1.463255402256019
AARVI,2023-03-31,2.33,0.8458682675776092
AARVI,2023-06-30,2.25,0.8109302162163288
AARVI,2023-09-30,1.77,0.5709795465857378
AARVI,2023-12-31,1.61,0.4762341789963717
AARVI,2024-03-31,2.06,0.7227059828014898
AARVI,2024-06-30,1.77,0.5709795465857378
AARVI,2024-09-30,1.43,0.3576744442718159
AARVI,2024-12-31,1.6,0.47000362924573563
AARVI,2025-03-31,1.99,0.688134638736401
AARVI,2025-06-30,2.85,1.0473189942805592
AARVI,2025-09-30,3.24,1.1755733298042381
AARVI,2025-12-31,2.71,0.9969486348916096
AAVAS,2021-06-30,7.52,2.017566137961748
AAVAS,2021-09-30,11.65,2.4553061800117097
AAVAS,2021-12-31,11.25,2.4203681286504293
AAVAS,2022-03-31,14.63,2.683074215032033
AAVAS,2022-06-30,11.28,2.423031246069913
AAVAS,2022-09-30,13.49,2.6019486702196644
AAVAS,2022-12-31,13.55,2.60638654732571
AAVAS,2023-03-31,16.05,2.775708849576025
AAVAS,2023-06-30,13.89,2.6311691567662523
AAVAS,2023-09-30,15.38,2.733067964077498
AAVAS,2023-12-31,14.75,2.691243082785829
AAVAS,2024-03-31,18.0,2.8903717578961645
ABB,2011-12-31,3.03,1.1085626195212777
ABB,2019-03-31,5.48,1.7011051009599243
ABB,2019-06-30,6.15,1.8164520818184267
ABB,2019-09-30,6.38,1.8531680973566984
ABB,2022-03-31,3.76,1.324418957401803
ABB,2022-06-30,6.87,1.927164106234258
ABB,2024-09-30,20.79,3.0344721018699214
ABB,2024-12-31,24.94,3.2164729402518906
ABB,2025-06-30,16.6,2.8094026953624978
ABB,2025-09-30,19.3,2.9601050959108397
ABB,2025-12-31,20.43,3.0170044088295307
ABCAPITAL,2023-03-31,2.52,0.9242589015233319
ABCAPITAL,2023-06-30,2.5,0.9162907318741551
ABCAPITAL,2023-09-30,2.71,0.9969486348916096
ABCAPITAL,2023-12-31,2.83,1.0402767116551463
ABCAPITAL,2024-03-31,4.79,1.5665304114228238
ABCAPITAL,2024-06-30,2.92,1.0715836162801904
ABCAPITAL,2024-09-30,3.84,1.3454723665996355
ABCAPITAL,2024-12-31,2.72,1.000631880307906
ABCAPITAL,2025-03-31,3.32,1.199964782928397
ABCAPITAL,2025-06-30,3.2,1.1631508098056809
ABCAPITAL,2025-09-30,3.27,1.184789984909162
ABCAPITAL,2025-12-31,3.61,1.2837077723447896
ABCOTS,2023-12-31,2.75,1.0116009116784799
ABCOTS,2024-03-31,1.84,0.6097655716208943
ABCOTS,2024-06-30,2.21,0.7929925155296614
ABCOTS,2024-09-30,1.71,0.5364933705145685
ABCOTS,2024-12-31,3.95,1.3737155789130306
ABCOTS,2025-03-31,1.29,0.25464221837358075
ABCOTS,2025-06-30,1.9,0.6418538861723947
ABCOTS,2025-09-30,1.65,0.5007752879124892
ABCOTS,2025-12-31,1.49,0.3987761199573678
ABDL,2023-03-31,-0.05,
ABDL,2023-06-30,-0.11,
ABDL,2023-09-30,0.46,-0.7765287894989963
ABDL,2023-12-31,-0.18,
ABDL,2024-03-31,-0.1,
ABDL,2024-06-30,0.4,-0.916290731874155
ABDL,2024-09-30,1.7,0.5306282510621704
ABDL,2024-12-31,2.05,0.7178397931503168
ABDL,2025-03-31,2.81,1.0331844833456545
ABDL,2025-06-30,2.02,0.7030975114131134
ABDL,2025-09-30,2.3,0.8329091229351039
ABDL,2025-12-31,2.38,0.8671004876833833
ABFRL,2023-03-31,-1.97,
ABFRL,2023-06-30,-1.49,
ABFRL,2023-09-30,-1.89,
ABFRL,2023-12-31,-0.82,
ABFRL,2024-03-31,-2.26,
ABFRL,2024-06-30,-1.59,
ABFRL,2024-09-30,-1.36,
ABFRL,2024-12-31,-0.48,
ABFRL,2025-03-31,-0.14,
ABFRL,2025-06-30,-1.74,
ABFRL,2025-09-30,-2.16,
ABFRL,2025-12-31,-1.25,
