date,index_symbol,open,high,low,close,volume,turnover
20240102,CUSTOM_DATA_CENTRE,1000.0,1000.0,1000.0,1000.0,37040851,8231305435.55
20240103,CUSTOM_DATA_CENTRE,1002.9234587665962,1017.8203384851998,989.1100339172264,1004.471059120476,47606750,10555863689.35
20240104,CUSTOM_DATA_CENTRE,1010.2219991611271,1030.7253518276757,997.9745220211475,1017.2593164928658,127965126,17762136472.8
20240105,CUSTOM_DATA_CENTRE,1025.0516649255242,1043.1401366728135,1005.9054694372694,1022.65931304593,51205657,10688627648.0
20240108,CUSTOM_DATA_CENTRE,1030.9630935544208,1041.4570409253458,1008.6957247873069,1022.3235057423882,38600615,8079552495.95
20240109,CUSTOM_DATA_CENTRE,1030.9565518064376,1048.0004312302492,1013.8386562824878,1030.650680441521,32071333,12333904453.15
20240110,CUSTOM_DATA_CENTRE,1036.2387735639945,1054.758076442512,1021.1810741568768,1041.2722526307823,25564402,8294001206.75
20240111,CUSTOM_DATA_CENTRE,1048.0578490168648,1065.1919926485834,1032.5936621104458,1047.6903581575218,35396850,8180520846.3
20240112,CUSTOM_DATA_CENTRE,1053.5729421601188,1066.8476004228908,1032.2849823654303,1048.5127178126927,25951799,7974656509.1
20240115,CUSTOM_DATA_CENTRE,1054.136514695415,1063.4501210337337,1028.800227682015,1041.5107185578925,35935909,9005638011.300001
20240116,CUSTOM_DATA_CENTRE,1043.20693839233,1054.7559963211754,1014.0931781345018,1030.0352674728817,32117653,8944874286.3
20240117,CUSTOM_DATA_CENTRE,1023.2089671347621,1042.543958759485,1004.8708190878796,1024.7435090406634,25559620,8427095690.5
20240118,CUSTOM_DATA_CENTRE,1024.5902839571622,1041.9095071841573,995.3187993785142,1026.1604035246094,27186350,8536016897.65
20240119,CUSTOM_DATA_CENTRE,1035.8507754782872,1058.3550443931306,1022.908575774245,1042.7036876945547,40168978,8811068482.75
20240120,CUSTOM_DATA_CENTRE,1052.2584974080073,1066.4459124772861,1033.2509640814333,1045.3253433363682,155416178,17237830862.85
20240123,CUSTOM_DATA_CENTRE,1053.7877696789471,1069.5764316816583,1010.462856331927,1022.4593463315554,84851577,16787480877.5
20240124,CUSTOM_DATA_CENTRE,1022.0513794044911,1051.084400985806,1004.4540912224782,1040.341777527878,156932662,25849990417.95
20240125,CUSTOM_DATA_CENTRE,1046.0173678395797,1068.3309444828428,1026.0404584781222,1049.9549426259014,95301159,16465280911.5
20240129,CUSTOM_DATA_CENTRE,1056.531664581608,1071.8561520275778,1032.6296107488604,1046.3643509474837,40746774,12154129675.9
20240130,CUSTOM_DATA_CENTRE,1055.4477127980888,1076.7649364125996,1033.5540780605243,1049.9505903745226,33191230,10469021829.35
20240131,CUSTOM_DATA_CENTRE,1055.5572086227353,1079.0062033632921,1042.2058104895493,1064.1515132968816,28477069,12365713589.4
20240201,CUSTOM_DATA_CENTRE,1071.0573647874019,1081.601668309695,1038.5726155178809,1059.0817551847476,29440747,13090956724.6
20240202,CUSTOM_DATA_CENTRE,1063.599132164605,1079.080192459861,1037.9375253030335,1053.5744931451122,36662017,11024128107.05
20240205,CUSTOM_DATA_CENTRE,1058.9067657608177,1086.0908007337287,1040.1733529267565,1059.3368069124103,41002461,12609851870.65
20240206,CUSTOM_DATA_CENTRE,1067.3902503695842,1093.8095543967718,1050.7901440392545,1075.348762780602,61066098,13775684631.849998
20240207,CUSTOM_DATA_CENTRE,1086.2661172477228,1106.981293460465,1067.073145702582,1087.218670492384,54362248,12404507720.050001
20240208,CUSTOM_DATA_CENTRE,1100.0000580877606,1121.9692368379478,1074.1135821691346,1094.6771619184437,98133105,28759861873.9
20240209,CUSTOM_DATA_CENTRE,1107.6059438707464,1118.6338646773158,1061.508107629796,1087.6957951175277,55032147,16603298486.4
20240212,CUSTOM_DATA_CENTRE,1096.5999351700948,1110.614786008066,1034.1157350441792,1052.6422550983693,38981566,12360579534.45
20240213,CUSTOM_DATA_CENTRE,1057.0157705887414,1076.870027415272,1016.269182318786,1051.8234588398002,37387906,12357383987.9
20240214,CUSTOM_DATA_CENTRE,1038.3874015037795,1077.3077825357636,1022.3400860836866,1059.5924939320298,32786364,15488718170.65
20240215,CUSTOM_DATA_CENTRE,1064.893441136687,1095.9087254727856,1050.4048264333455,1073.0138713062272,27886117,10004102945.15
20240216,CUSTOM_DATA_CENTRE,1078.6569432310023,1103.5491580619316,1060.7563692558622,1083.1338633157452,23690328,9857363285.3
20240219,CUSTOM_DATA_CENTRE,1091.075044888834,1113.7741470977596,1071.0663350480183,1093.6794146192522,84280828,14635387035.3
20240220,CUSTOM_DATA_CENTRE,1099.8956771197934,1116.1388376435832,1077.9026639169188,1098.0592698961914,94568089,15375039599.95
20240221,CUSTOM_DATA_CENTRE,1106.7290170932374,1137.7917264917355,1081.3076146179528,1107.2313664031053,127554017,40532327521.25
20240222,CUSTOM_DATA_CENTRE,1122.303148279072,1147.857280126568,1096.9775531810058,1132.1443583479434,92485229,43341040202.8
20240223,CUSTOM_DATA_CENTRE,1144.1990605880962,1168.4011545180686,1123.5036358291102,1147.3977959616727,48780817,21431377355.35
20240226,CUSTOM_DATA_CENTRE,1151.0881444461306,1172.7470216330462,1126.4374825854727,1150.5658346681973,49995426,20559480847.3
20240227,CUSTOM_DATA_CENTRE,1156.3324207861424,1173.478143850508,1128.7303875246814,1147.4205830041049,44159320,13001817198.75
20240228,CUSTOM_DATA_CENTRE,1149.5904558663315,1169.095045925408,1116.5234907211216,1133.107238421605,47261908,14881948691.4
20240229,CUSTOM_DATA_CENTRE,1135.605566507552,1160.5151818445445,1112.1798128916876,1141.9115683452917,51309417,20111455006.15
20240301,CUSTOM_DATA_CENTRE,1152.2635199633528,1173.8352603605877,1134.9623947905359,1150.6172344243528,55717975,18886663960.95
20240302,CUSTOM_DATA_CENTRE,1153.653904752185,1168.020558901395,1142.3807171784606,1157.605439131919,4365115,1449010623.35
20240304,CUSTOM_DATA_CENTRE,1165.315891378133,1188.9143425136667,1138.689442408576,1164.265231604176,39856538,14687795993.75
20240305,CUSTOM_DATA_CENTRE,1167.9801268301783,1190.2188674399454,1141.5772504762856,1159.7073258076462,35724493,12351852136.9
20240306,CUSTOM_DATA_CENTRE,1160.1252907054559,1171.1756062924019,1116.3389097515833,1136.973747970292,30880611,10640424483.6
20240307,CUSTOM_DATA_CENTRE,1141.1139367873368,1160.5130589569628,1124.5545193565845,1139.7500935752769,20407425,8104535914.65
20240311,CUSTOM_DATA_CENTRE,1145.6864772577399,1162.8411772217441,1100.8626282406879,1113.5881671773707,36379341,21274506725.6
20240312,CUSTOM_DATA_CENTRE,1111.468087860308,1123.0615096102106,1071.0722815558743,1084.0482182479939,39257898,11590602707.4
20240313,CUSTOM_DATA_CENTRE,1080.3791151608198,1097.913989348786,1012.2729627469996,1026.6433561527417,56548249,16304990036.0
20240314,CUSTOM_DATA_CENTRE,1010.3433565599071,1077.4658660468338,1001.094378636534,1061.5577180831249,42532551,12963366314.5
20240315,CUSTOM_DATA_CENTRE,1065.2208262692009,1090.3516661315325,1032.2043190414238,1064.9736063610392,37520985,14745364581.55
20240318,CUSTOM_DATA_CENTRE,1068.8574749702427,1093.8162968311694,1047.749441445843,1071.8136608880595,26494030,10842111390.95
20240319,CUSTOM_DATA_CENTRE,1076.066469105837,1089.8681294640658,1044.095027599011,1059.8905222344051,29848594,9895770337.05
20240320,CUSTOM_DATA_CENTRE,1067.0169481070864,1088.202061232225,1037.2692172838688,1062.8884267182557,37383872,16860615905.05
20240321,CUSTOM_DATA_CENTRE,1077.202184198341,1111.1942656275785,1066.1802516960277,1097.3190689253302,37435828,21318608585.15
20240322,CUSTOM_DATA_CENTRE,1103.9819194725053,1123.7973749169694,1087.6252481657696,1109.5739618547723,33602361,15140347978.8
20240326,CUSTOM_DATA_CENTRE,1110.3111650825313,1128.8506405146888,1088.7608882982986,1105.0494770896996,29898665,13134920878.85
20240327,CUSTOM_DATA_CENTRE,1118.0938751431538,1152.8564531386983,1101.307214441198,1129.7532719276915,49898457,23786818341.65
20240328,CUSTOM_DATA_CENTRE,1140.199233099382,1168.5914899016736,1118.5386388717686,1139.911365027206,25301603,17436557230.8
20240401,CUSTOM_DATA_CENTRE,1156.8927641985497,1197.870577577169,1140.2317778789386,1181.3962485301668,47246579,16603544831.099998
20240402,CUSTOM_DATA_CENTRE,1194.0267548253623,1220.5521358838291,1171.6028410893657,1196.9954924530862,38134570,14216563507.25
20240403,CUSTOM_DATA_CENTRE,1201.2531752649109,1228.9530205676201,1183.994666336908,1208.6033836211514,23374349,11814867802.800001
20240404,CUSTOM_DATA_CENTRE,1218.5714021974975,1252.627608411314,1198.0358261045665,1226.7241671235552,28934665,13660850513.9
20240405,CUSTOM_DATA_CENTRE,1227.5186487809124,1246.6176183084024,1206.6234590051429,1229.045528010473,19473582,10192941935.5
20240408,CUSTOM_DATA_CENTRE,1239.1665984757708,1256.7033564671988,1211.013278109528,1231.5858452760883,22630023,12134095092.75
20240409,CUSTOM_DATA_CENTRE,1238.532888341551,1265.6050147072538,1206.2495317132166,1227.4758626456985,55112026,14312125436.45
20240410,CUSTOM_DATA_CENTRE,1232.3726736847557,1246.8019432064566,1203.9814231375701,1224.5431133516618,23651784,10059832175.75
20240412,CUSTOM_DATA_CENTRE,1228.205096704686,1247.5195237677854,1202.8377225780391,1216.1631067637707,45337613,13745134850.6
20240415,CUSTOM_DATA_CENTRE,1187.6139896944414,1223.1929290322666,1162.949723836531,1198.6263952541506,27506686,10457960127.2
20240416,CUSTOM_DATA_CENTRE,1192.7119191598388,1244.235622291765,1181.2423524173043,1226.1186350694888,31962554,13724062116.199999
20240418,CUSTOM_DATA_CENTRE,1239.5804884213278,1265.1170579109553,1209.463420502004,1228.529569235855,45473541,23889808772.7
20240419,CUSTOM_DATA_CENTRE,1216.841569218924,1250.0473354224462,1189.5383249952063,1224.8397672880653,27810119,15349211774.9
20240422,CUSTOM_DATA_CENTRE,1241.8858453511016,1284.3113684162074,1218.0728967504583,1260.8035014572297,37121166,16211874397.25
20240423,CUSTOM_DATA_CENTRE,1272.4615876962405,1298.501003488706,1253.0519893354117,1275.0520069084444,42921611,14613779375.449999
20240424,CUSTOM_DATA_CENTRE,1287.0894377312616,1311.7200062959985,1264.9502739410393,1288.8143854399202,27438265,13836295904.15
20240425,CUSTOM_DATA_CENTRE,1296.4326290961726,1332.2647875906478,1271.5341513795138,1304.6391814463334,32063156,16213764308.9
20240426,CUSTOM_DATA_CENTRE,1316.5285398436035,1337.785135572673,1287.3332647898474,1306.7349620046489,23660948,11269014314.9
20240429,CUSTOM_DATA_CENTRE,1323.0784504528808,1337.6623086977736,1283.8622164667809,1306.7329052242137,39347910,12270839351.949999
20240430,CUSTOM_DATA_CENTRE,1311.354457345066,1340.3102767128983,1283.4745823631033,1306.54825126993,64675379,18768368667.0
20240502,CUSTOM_DATA_CENTRE,1316.7606007475833,1345.7681626467938,1293.2010814483742,1320.3535776256588,52562687,17433622118.95
20240503,CUSTOM_DATA_CENTRE,1334.6605940872726,1349.4416008743501,1292.8463853387116,1321.843809099441,66627822,20027123284.8
20240506,CUSTOM_DATA_CENTRE,1340.5707182228746,1356.2565877600898,1288.2535317658244,1313.1746839937573,38686507,21842161608.9
20240507,CUSTOM_DATA_CENTRE,1318.039209540496,1338.5536182723336,1265.4278567527763,1290.6445911870521,38873759,21223239033.5
20240508,CUSTOM_DATA_CENTRE,1292.2733505939764,1333.0333495726125,1265.6694559105574,1306.9249106063296,29938284,18215792939.05
20240509,CUSTOM_DATA_CENTRE,1318.4373633998787,1337.893312560405,1269.3066579852753,1283.5729183347205,32179139,17879891511.95
20240510,CUSTOM_DATA_CENTRE,1287.9098937141312,1311.8694013035267,1252.8701444177539,1286.3409760788934,23173156,14297838120.5
20240513,CUSTOM_DATA_CENTRE,1295.9306042325338,1335.9453581725381,1258.2160893583502,1315.0137676504673,36664073,53639612086.35
20240514,CUSTOM_DATA_CENTRE,1325.5495345832521,1366.0065402113607,1309.4491263782118,1349.467548160269,24109711,22702381697.25
20240515,CUSTOM_DATA_CENTRE,1364.4750803760405,1409.0466968766586,1343.1406975751815,1384.0079280295765,34102380,47420826409.75
20240516,CUSTOM_DATA_CENTRE,1395.4777067622088,1432.0368853306234,1369.7710769577898,1394.48240340295,25971837,44592813522.0
20240517,CUSTOM_DATA_CENTRE,1402.3509418378958,1437.0135837265686,1375.1920136971876,1411.1106589029785,22810389,25007897812.3
20240518,CUSTOM_DATA_CENTRE,1420.1879046640167,1450.3339876768082,1402.6052447327306,1431.3137420543128,11370906,3685881970.95
20240521,CUSTOM_DATA_CENTRE,1441.0934526211101,1466.3233554548542,1397.3929262892127,1427.9902115550806,38894942,27433946420.1
20240522,CUSTOM_DATA_CENTRE,1441.7458400699059,1467.8108881775224,1393.6009074900483,1428.0261844638144,32587933,20175189271.05
20240523,CUSTOM_DATA_CENTRE,1440.9358168601236,1462.485948535263,1400.0890791685022,1424.4331317247936,17300887,13487372908.85
20240524,CUSTOM_DATA_CENTRE,1416.755210666166,1443.3042132790438,1387.6927193117733,1413.3577497568035,29757074,11890159670.15
20240527,CUSTOM_DATA_CENTRE,1420.7181663459726,1440.2587697685312,1391.7685062012936,1409.7146347621406,65717431,25438639512.6
20240528,CUSTOM_DATA_CENTRE,1415.7474031196691,1424.9265792923363,1372.8004321414721,1389.0901402181541,52978620,16424094827.699999
20240529,CUSTOM_DATA_CENTRE,1374.011036112413,1412.253696024804,1357.9287124149575,1390.3895503023202,25128166,20101689916.5
20240530,CUSTOM_DATA_CENTRE,1397.5843424362993,1412.324701523098,1369.0875040894143,1380.2321954628508,27260495,25735086018.9
20240531,CUSTOM_DATA_CENTRE,1388.2756983991078,1420.9638087397793,1357.0798931718641,1394.059038060256,41682632,35411784221.65
20240603,CUSTOM_DATA_CENTRE,1453.046015233755,1465.3008656552008,1395.9658009409209,1424.1606167013863,39152023,26152436758.4
20240604,CUSTOM_DATA_CENTRE,1427.3563420528262,1433.7176624141136,1236.6344518706294,1295.6169912800394,70781068,41690739176.45
20240605,CUSTOM_DATA_CENTRE,1307.695172798981,1357.8617042125982,1255.0639806470083,1327.7169316504476,48069029,33398582099.5
20240606,CUSTOM_DATA_CENTRE,1355.0928816250193,1401.38174802408,1339.7069465689735,1376.1963160745222,31975693,19922207620.95
20240607,CUSTOM_DATA_CENTRE,1390.5766407262247,1438.8504747736715,1371.3789392497042,1419.683573386206,29305923,15525840245.0
20240610,CUSTOM_DATA_CENTRE,1439.6259692156689,1472.696983125438,1411.0793895282147,1436.5376485599625,31365834,17558458958.09
20240611,CUSTOM_DATA_CENTRE,1452.9489308043192,1489.4405668515092,1434.0226525794149,1469.16566219251,81982472,21773879440.54
20240612,CUSTOM_DATA_CENTRE,1485.4708128015081,1527.0371095063826,1467.7837158855934,1498.0051753234986,83055553,26674699391.29
20240613,CUSTOM_DATA_CENTRE,1518.2694669481962,1544.7634053706101,1481.2987233536176,1511.8166282458317,64252699,25534088706.74
20240614,CUSTOM_DATA_CENTRE,1516.8141455928392,1572.2800850074375,1500.1905322788243,1551.4330453426553,124010005,50928313436.26
20240618,CUSTOM_DATA_CENTRE,1569.294890328326,1619.9890583898816,1539.4907036200045,1582.9164434586046,156771931,38893655347.27
20240619,CUSTOM_DATA_CENTRE,1597.3539031726511,1619.2000028017212,1541.589500822862,1575.1498639826589,119290146,35746560575.340004
20240620,CUSTOM_DATA_CENTRE,1586.8897710044591,1608.1076412233292,1545.5019635663816,1571.8028219292733,57659341,20436908726.6
20240621,CUSTOM_DATA_CENTRE,1578.694635659913,1606.6538952924316,1545.122453565819,1565.571235288391,43857586,19134468040.72
20240624,CUSTOM_DATA_CENTRE,1565.6983689139913,1621.7416663712997,1538.5571028866825,1588.1314163550908,59828545,30625409898.29
20240625,CUSTOM_DATA_CENTRE,1605.49395178542,1644.5244305101678,1567.354964040164,1589.46989055308,52876418,26461504992.68
20240626,CUSTOM_DATA_CENTRE,1598.952950077649,1641.0429367336628,1565.3005201783353,1600.5007793198288,49469474,21619907522.06
20240627,CUSTOM_DATA_CENTRE,1601.7349330993911,1632.1612080592495,1559.1556270543426,1583.095804661763,42785593,33676332795.079998
20240628,CUSTOM_DATA_CENTRE,1592.4889069081055,1645.3835535020323,1555.41455201251,1591.3193181871256,94727834,26341292719.62
20240701,CUSTOM_DATA_CENTRE,1597.3144813272354,1649.9801609686126,1579.6885183299203,1624.363272331138,51215060,20492838232.19
20240702,CUSTOM_DATA_CENTRE,1634.3710913155935,1673.3348606102425,1605.934367220248,1635.8350688753096,44507495,21058382357.260002
20240703,CUSTOM_DATA_CENTRE,1655.142459308947,1695.2598519205455,1628.127231386087,1659.307699976789,53853576,21499663717.75
20240704,CUSTOM_DATA_CENTRE,1671.6436837582985,1700.5289004247254,1641.8652620061325,1673.4729803220832,93362009,26831379360.41
20240705,CUSTOM_DATA_CENTRE,1681.6438643260917,1744.7019249077503,1662.048519422376,1719.4867873494622,105956920,35618476699.8
20240708,CUSTOM_DATA_CENTRE,1738.6417266627034,1772.0583010722614,1689.2313713041074,1721.3191152858117,79534644,25170582466.329998
20240709,CUSTOM_DATA_CENTRE,1732.979516066568,1759.2419911855375,1696.1661302693096,1718.7630507757754,46466359,18104975760.03
20240710,CUSTOM_DATA_CENTRE,1723.6995562009251,1744.5864522030831,1653.4206546024009,1693.1382551011102,58766687,20741309185.56
20240711,CUSTOM_DATA_CENTRE,1704.9547545520757,1741.9769696349395,1682.001208591773,1706.679857481095,41258399,14948769761.99
20240712,CUSTOM_DATA_CENTRE,1714.4640818779792,1732.0043605904582,1666.5527917790237,1682.6166963483327,37647377,18601792105.53
20240715,CUSTOM_DATA_CENTRE,1690.45132738916,1717.2275686740295,1653.3232858488748,1678.0523367118315,46386730,18652064360.21
20240716,CUSTOM_DATA_CENTRE,1689.352361598753,1719.661757589687,1661.5172766181674,1680.587410265606,25455802,13468311641.939999
20240718,CUSTOM_DATA_CENTRE,1687.76399643901,1707.6456823557303,1634.6319165083432,1661.7894695954699,36294793,27147733493.8
20240719,CUSTOM_DATA_CENTRE,1666.4042364559218,1680.068174352188,1593.434853709203,1615.0722099827892,33828549,23578883822.01
20240722,CUSTOM_DATA_CENTRE,1611.0427205099875,1670.4513075295886,1581.2326614357037,1643.2560615198056,33799084,21960531391.760002
20240723,CUSTOM_DATA_CENTRE,1647.9563073958209,1672.6136364518427,1554.190341314161,1632.1611092301384,38377693,23212737676.41
20240724,CUSTOM_DATA_CENTRE,1639.9555338488321,1697.605063711355,1615.5491694143489,1659.7502583322894,57040843,23607491549.46
20240725,CUSTOM_DATA_CENTRE,1652.7284179500493,1699.0758323568166,1628.1328928511252,1660.5388676283412,64445413,25602461448.68
20240726,CUSTOM_DATA_CENTRE,1675.5749505823433,1716.6421480456638,1645.2528669419114,1685.8308871190327,48094514,19132375388.49
20240729,CUSTOM_DATA_CENTRE,1705.5776387586814,1741.8282733275694,1675.947240709828,1702.95517406993,81108096,23021043290.16
20240730,CUSTOM_DATA_CENTRE,1710.7210116156264,1741.0461782783289,1684.2710416028247,1712.262437089827,98362224,21551665696.91
20240731,CUSTOM_DATA_CENTRE,1717.3026140064696,1749.9904518679994,1687.7213183000267,1718.954188613709,59179150,19026312665.34
20240801,CUSTOM_DATA_CENTRE,1733.257894211729,1760.3880471727205,1681.1459273719104,1712.2768987925165,85619143,22444993988.68
20240802,CUSTOM_DATA_CENTRE,1684.4069443473043,1743.7898011621912,1656.9944946156272,1707.3090770626231,65697871,35378897025.01
20240805,CUSTOM_DATA_CENTRE,1649.4730564939134,1691.0067560583109,1604.8768157571192,1633.3272132587801,64767290,26009261849.54
20240806,CUSTOM_DATA_CENTRE,1646.661696919282,1691.185427496778,1599.2796749407685,1612.2162517864385,43112825,20282981483.31
20240807,CUSTOM_DATA_CENTRE,1645.8345551583284,1695.13557267899,1606.5507595663607,1674.5891254884018,133048423,41878333328.05
20240808,CUSTOM_DATA_CENTRE,1680.8183874439148,1714.1017347575441,1649.177813498279,1676.4747087187689,105729717,31997549142.05
20240809,CUSTOM_DATA_CENTRE,1702.6594107758754,1733.7350487809817,1666.3728845241294,1697.1907703741233,57279373,30173654664.15
20240812,CUSTOM_DATA_CENTRE,1692.65570100632,1747.3501363411642,1665.1385976258719,1715.9647833301215,113888639,35655698874.57
20240813,CUSTOM_DATA_CENTRE,1729.2746349725526,1763.2112272005738,1675.1098727723581,1700.494004047388,86305996,25467580167.979996
20240814,CUSTOM_DATA_CENTRE,1703.95461358795,1723.5526558828035,1656.1272556173599,1690.5019113035555,53217986,19685829226.809998
20240816,CUSTOM_DATA_CENTRE,1698.1458455465372,1763.273025976464,1673.6138991713224,1734.2354995899818,50203010,24321258360.420002
20240819,CUSTOM_DATA_CENTRE,1749.1332394437518,1798.8865329638193,1729.6136380936546,1769.9589093987265,52836080,19244905702.559998
20240820,CUSTOM_DATA_CENTRE,1784.887733621027,1819.8905140254185,1750.4163211767873,1781.8392239123705,62173689,20245082987.14
20240821,CUSTOM_DATA_CENTRE,1791.2508886401145,1824.1551413324119,1765.7906545869341,1801.3052738214687,91281661,21601569408.57
20240822,CUSTOM_DATA_CENTRE,1812.8486454166484,1834.8910859451385,1785.5894154092452,1798.0415172170644,65242354,16094466757.49
20240823,CUSTOM_DATA_CENTRE,1804.4935994282232,1842.1710799631571,1775.2037513977673,1814.010749056711,76152662,21020800737.82
20240826,CUSTOM_DATA_CENTRE,1827.4792932303144,1864.8938488119536,1784.6201596458418,1820.9680054197302,47858782,19535265955.73
20240827,CUSTOM_DATA_CENTRE,1825.1565754840824,1865.235805825945,1797.1094942890043,1830.2263566194288,35650071,17617975982.57
20240828,CUSTOM_DATA_CENTRE,1831.9931588655293,1850.997571044879,1790.1988483342739,1805.981616447399,27282944,13207158492.630001
20240829,CUSTOM_DATA_CENTRE,1808.451170150001,1833.7014058987795,1766.93396654995,1792.4163923354376,44769227,16380891242.58
20240830,CUSTOM_DATA_CENTRE,1799.384418563647,1839.5981123957417,1769.0414464497399,1812.5309505066054,43662226,22827271672.09
20240902,CUSTOM_DATA_CENTRE,1826.4437418326745,1848.4234929811778,1776.888361382816,1800.9780546160362,29518916,15070547706.150002
20240903,CUSTOM_DATA_CENTRE,1806.8928025932628,1841.0277188109105,1785.7783446315887,1814.2494658716087,82518581,21680047446.41
20240904,CUSTOM_DATA_CENTRE,1801.7002458184681,1840.5788480084095,1777.6644562789395,1809.0390621025683,53540857,17600703698.75
20240905,CUSTOM_DATA_CENTRE,1818.2112036017668,1848.6336034489261,1790.8551085105846,1817.1537873785148,69486349,20456734821.58
20240906,CUSTOM_DATA_CENTRE,1829.2021791881732,1851.057722203252,1782.336382536493,1798.7265739355505,54087824,17259377793.05
20240909,CUSTOM_DATA_CENTRE,1797.3521690807922,1823.3900869326817,1741.1253011340898,1779.7154452652517,41305153,16681563030.310001
20240910,CUSTOM_DATA_CENTRE,1788.585481502281,1829.9541198016843,1767.402706631752,1805.4609030777494,32200783,13158635260.12
20240911,CUSTOM_DATA_CENTRE,1812.302587083226,1840.5816993123583,1768.4372260836371,1794.1674006998314,43065093,15723179241.900002
20240912,CUSTOM_DATA_CENTRE,1806.6228945330984,1846.5440376924012,1777.1648593869713,1810.8495913795405,47866425,21731005911.6
20240913,CUSTOM_DATA_CENTRE,1825.0608014198901,1851.3889934611393,1792.3350808360015,1818.1744913080802,37704913,15323032630.37
20240916,CUSTOM_DATA_CENTRE,1825.1505384144832,1850.2067884766732,1787.4140854213592,1807.9737302956087,21895985,12180029047.98
20240917,CUSTOM_DATA_CENTRE,1813.1909984282809,1841.4229112600256,1778.7878266422363,1807.9294356933233,50217511,15151711541.119999
20240918,CUSTOM_DATA_CENTRE,1811.179656563891,1840.4308605964322,1769.6893094593458,1799.1562544596518,83472372,20424543099.52
20240919,CUSTOM_DATA_CENTRE,1815.460559867299,1831.0549881702889,1735.1259600860585,1768.8601664094094,62563026,21911445706.35
20240920,CUSTOM_DATA_CENTRE,1776.651788275494,1825.3196874603825,1752.5849658720228,1797.5523364955864,76238983,37142991499.24
20240923,CUSTOM_DATA_CENTRE,1811.8400258493666,1848.2931330471242,1783.483293211731,1819.7721547430112,88230295,26747569626.06
20240924,CUSTOM_DATA_CENTRE,1822.25766390124,1865.973749114456,1792.4405500746163,1829.648103075711,46763861,23997441617.75
20240925,CUSTOM_DATA_CENTRE,1837.6927803788517,1864.511436452841,1804.2026924130428,1831.4069516403017,39907820,23268739043.36
20240926,CUSTOM_DATA_CENTRE,1836.5830033202244,1854.5956183865198,1792.9105754687093,1822.792158871338,20490792,12322028145.4
20240927,CUSTOM_DATA_CENTRE,1829.6328710684315,1864.583152218064,1798.9214302911273,1829.425343386699,29691259,18215870335.66
20240930,CUSTOM_DATA_CENTRE,1821.8303186775668,1860.835542295339,1794.6805363795197,1830.5766372724036,27484239,16639992565.8
20241001,CUSTOM_DATA_CENTRE,1830.95101970788,1872.2585988208014,1797.6090705927122,1832.092209877487,37991943,19516498708.16
20241003,CUSTOM_DATA_CENTRE,1809.6257771697813,1856.643469028243,1771.3718344827605,1803.7893528329223,43204340,18433177028.48
20241004,CUSTOM_DATA_CENTRE,1803.0876118026265,1844.0964351470623,1752.8377219598658,1795.2447782807185,48346653,21329620540.96
20241007,CUSTOM_DATA_CENTRE,1794.9319809893998,1828.8400380053727,1703.6988312064557,1732.2205077029325,56972822,24521288309.670002
20241008,CUSTOM_DATA_CENTRE,1718.5305099842071,1810.4403260087465,1695.8158174632872,1787.1875488053602,54184846,20871059646.51
20241009,CUSTOM_DATA_CENTRE,1797.6003010530185,1855.3550426717184,1774.8081269761535,1818.1164325288532,37491922,24470766500.769997
20241010,CUSTOM_DATA_CENTRE,1829.0272314393624,1877.9903908978185,1806.3413092422627,1846.9507841850973,27525128,21286403714.72
20241011,CUSTOM_DATA_CENTRE,1851.5126764524932,1889.4828460426158,1821.1758101091698,1857.1430941922426,28244716,25088765919.760002
20241014,CUSTOM_DATA_CENTRE,1863.9790440763807,1895.6235033894548,1833.8343487610714,1864.3383672913637,27644889,15356541328.83
20241015,CUSTOM_DATA_CENTRE,1877.231813059611,1910.126633938868,1852.2231869882878,1882.242540057673,27343136,17407068810.89
20241016,CUSTOM_DATA_CENTRE,1888.2253763869755,1923.816588757587,1853.3432636169032,1883.3055160866163,31208702,26764605695.74
20241017,CUSTOM_DATA_CENTRE,1891.3449237604968,1914.2038235449506,1833.831315844781,1860.4461009249856,23086763,16946929228.71
20241018,CUSTOM_DATA_CENTRE,1854.458317991818,1891.2417338129278,1803.5324053002712,1865.820757052024,28858015,15552329231.68
20241021,CUSTOM_DATA_CENTRE,1883.3962741486075,1912.7087843435809,1804.4649697586462,1825.9718965373895,35238059,22482940067.1
20241022,CUSTOM_DATA_CENTRE,1820.8426625211725,1835.6130054941023,1733.3805214266981,1747.4135413196632,61804544,26334001336.5
20241023,CUSTOM_DATA_CENTRE,1735.9295449431609,1802.3940934796321,1699.909664112034,1748.0977788020496,41517947,20218671549.59
20241024,CUSTOM_DATA_CENTRE,1751.1891912025394,1779.3239038867532,1706.8253089265102,1727.7002510893917,25378256,14766456343.9
20241025,CUSTOM_DATA_CENTRE,1735.3740587824295,1748.0684292994783,1652.0765474537889,1685.2318698059153,33349190,15706332062.460001
20241028,CUSTOM_DATA_CENTRE,1693.0202965495905,1745.287134773224,1661.8018760667458,1713.6469364824225,25310118,15978657267.47
20241029,CUSTOM_DATA_CENTRE,1727.8072383240876,1774.1982595170987,1686.7570813898294,1743.0581870022374,23852159,17437658774.55
20241030,CUSTOM_DATA_CENTRE,1758.0990243557674,1814.186989503273,1731.8742499161624,1781.1067226157527,29539398,15240432109.29
20241031,CUSTOM_DATA_CENTRE,1793.4320736074942,1845.4667280256201,1768.289645876548,1822.355681370428,29682610,19095062083.69
20241101,CUSTOM_DATA_CENTRE,1843.9007446605028,1869.0601933471623,1827.593756261633,1853.607194898462,6910621,3362661659.75
20241104,CUSTOM_DATA_CENTRE,1857.2181231673878,1870.3895171043973,1785.0685760056324,1818.6150830110878,23954638,15539382981.1
20241105,CUSTOM_DATA_CENTRE,1816.2120425304574,1881.9540678119547,1790.6282524158626,1853.1862259305456,53871407,33916869973.77
20241106,CUSTOM_DATA_CENTRE,1873.8610735881437,1949.3372543808052,1852.4949820928096,1926.1378329354238,41813395,25280986785.45
20241107,CUSTOM_DATA_CENTRE,1949.0226506080883,1980.176905862827,1893.4588007980183,1919.045031356093,36878056,24347741593.28
20241108,CUSTOM_DATA_CENTRE,1923.4488504992212,1959.4785652432367,1868.6437063196624,1897.4125327056468,55697577,28244751678.170002
20241111,CUSTOM_DATA_CENTRE,1893.4976049154886,1934.3146952007266,1850.3691835555178,1891.120305860832,50277512,23370942234.98
20241112,CUSTOM_DATA_CENTRE,1899.8039677008064,1945.133849440632,1848.1869688260128,1868.771474628999,36224173,21451333193.53
20241113,CUSTOM_DATA_CENTRE,1861.6812932289606,1888.6695023618342,1782.0763532165101,1801.7047533570635,33507078,19572666297.45
20241114,CUSTOM_DATA_CENTRE,1802.2767465184518,1866.7206693323071,1776.6918783383064,1815.6024099312413,43534279,23683953858.99
20241118,CUSTOM_DATA_CENTRE,1827.648674079813,1868.2180349815246,1764.79589830896,1824.4030840137214,31812450,21147293644.84
20241119,CUSTOM_DATA_CENTRE,1833.7648454121522,1919.686002735336,1811.7657251342166,1858.9062717310728,36723366,24979874022.03
20241121,CUSTOM_DATA_CENTRE,1853.970963233694,1901.4959968823728,1807.1683845951716,1865.3751907312887,25723644,18849864693.95
20241122,CUSTOM_DATA_CENTRE,1876.1727172598532,1911.271358049458,1838.737098297181,1869.8308872219263,27411104,20150646206.42
20241125,CUSTOM_DATA_CENTRE,1916.561164353449,1960.5794937706016,1873.7773130028884,1916.2734301047483,30211646,40006616891.19
20241126,CUSTOM_DATA_CENTRE,1923.947696867874,1957.7915455701013,1889.450684568879,1918.3992958088513,20729048,16423499593.05
20241127,CUSTOM_DATA_CENTRE,1925.1857248329734,1981.5628497813707,1903.8187711399723,1950.3481851486217,37295478,32723924379.02
20241128,CUSTOM_DATA_CENTRE,1960.236945040156,1992.6525891730548,1924.6011260828125,1953.3227388348755,32174383,22200567061.58
20241129,CUSTOM_DATA_CENTRE,1957.2875891469112,1993.1582131898285,1914.0767540692848,1950.901685711186,39791125,20974326063.52
20241202,CUSTOM_DATA_CENTRE,1956.0907370550965,2006.6551772032599,1924.4213696765414,1974.4124810936707,31141993,21870411906.75
20241203,CUSTOM_DATA_CENTRE,1985.9509087418917,2027.170712415305,1961.5984217050059,1989.6591485237213,22827825,20094686680.74
20241204,CUSTOM_DATA_CENTRE,1996.9766708274879,2034.1048864462389,1965.431343970878,2001.579950509675,23140409,20681777635.98
20241205,CUSTOM_DATA_CENTRE,2010.7957299979748,2038.4650895079674,1971.3344091589543,1993.5569899459092,24346557,19388438090.32
20241206,CUSTOM_DATA_CENTRE,2001.1722551312957,2041.4139419343899,1973.6146988080172,2011.215289702107,48067308,18599991920.88
20241209,CUSTOM_DATA_CENTRE,2020.4799755347353,2067.4047427130668,1997.4729947536373,2035.0659190700956,30262756,19050014732.86
20241210,CUSTOM_DATA_CENTRE,2046.6756980216298,2068.8035181082037,2002.694941773439,2032.1598211524322,28241034,15435117721.65
20241211,CUSTOM_DATA_CENTRE,2033.6210967356424,2067.744323438465,2008.3681265225841,2041.339829568269,20739672,11933038974.49
20241212,CUSTOM_DATA_CENTRE,2047.1289823160525,2080.3753379871773,1995.0096954403516,2026.277076537571,28911067,18401309210.31
20241213,CUSTOM_DATA_CENTRE,2022.2417422018784,2046.5432912710087,1970.4790811814873,2020.408185476793,22017609,11991056791.41
20241216,CUSTOM_DATA_CENTRE,2021.9213591408254,2067.921762225807,1999.7532879462024,2036.9423224164234,22081383,15488468759.880001
20241217,CUSTOM_DATA_CENTRE,2043.7806257103139,2083.036005242817,2003.5676277255347,2030.9044528563961,30849760,21734850756.829998
20241218,CUSTOM_DATA_CENTRE,2034.0589672183899,2054.8509779655706,1977.3245895922137,2000.4551499043068,23978184,13561444683.86
20241219,CUSTOM_DATA_CENTRE,1960.2789811028179,2033.3098003627597,1929.7067315758215,1995.7687312443513,23594076,16210736306.27
20241220,CUSTOM_DATA_CENTRE,2008.4831529148178,2036.7614648176607,1925.0236335945608,1950.0420673632618,30012169,33817875863.66
20241223,CUSTOM_DATA_CENTRE,1966.4734657494957,1990.6066376213391,1902.8815160440492,1930.9811895539585,21210291,17670611374.98
20241224,CUSTOM_DATA_CENTRE,1935.8142295399418,1965.4435228148686,1898.5162699169875,1930.1286097544878,24949736,14825047963.119999
20241226,CUSTOM_DATA_CENTRE,1935.4537573654848,1960.4015226328638,1896.9630962619874,1927.77749341667,27299725,19891320979.29
20241227,CUSTOM_DATA_CENTRE,1929.862167813856,1963.5808014516456,1898.9856049301475,1926.8570057363265,25248907,11753535857.13
20241230,CUSTOM_DATA_CENTRE,1923.1210414165128,1953.1990463237657,1879.8942008877993,1908.3478095914572,21986532,31330095392.86
20241231,CUSTOM_DATA_CENTRE,1906.7786081211993,1945.7052755241116,1881.6130780379647,1923.9699256443555,17593725,14311674422.39
20250101,CUSTOM_DATA_CENTRE,1929.2937042813687,1988.0441877713258,1912.8392116329314,1968.4761308844181,13798030,10877253502.460001
20250102,CUSTOM_DATA_CENTRE,1972.443934977695,2017.1996423651547,1946.2819950222608,1991.0567064341599,21157261,19038276131.38
20250103,CUSTOM_DATA_CENTRE,1992.0301676485897,2024.7834337668364,1957.6753210599745,1980.115501940015,18346300,14051356167.710001
20250106,CUSTOM_DATA_CENTRE,1988.0160563059967,2001.5829719408944,1886.5465666311459,1904.0024815714107,26349588,17062235693.75
20250107,CUSTOM_DATA_CENTRE,1910.0062090085003,1971.7313583013902,1894.9149760473297,1952.1082943244132,22124536,19714764592.89
20250108,CUSTOM_DATA_CENTRE,1954.7190458905798,1976.9357177260742,1897.9610642774674,1929.8071858585743,26373838,21526662500.63
20250109,CUSTOM_DATA_CENTRE,1930.9472216369827,1954.0468100187554,1875.4472658297775,1893.1745077807502,17064943,13503263908.88
20250110,CUSTOM_DATA_CENTRE,1889.515187802281,1903.08568833434,1805.7806385673869,1834.2139811095278,25374867,15434654520.9
20250113,CUSTOM_DATA_CENTRE,1804.4558838518878,1836.739684832401,1718.1123387937198,1738.8658157754842,39244928,21151517969.66
20250114,CUSTOM_DATA_CENTRE,1745.6055662463662,1813.9746477471556,1721.4126954240917,1786.0993807556667,30723063,17872350079.61
20250115,CUSTOM_DATA_CENTRE,1800.6384930467316,1830.5641493485264,1751.500917286146,1781.0923897270832,31140309,17954618775.24
20250116,CUSTOM_DATA_CENTRE,1812.5363427883353,1860.1968720363336,1786.9997703845074,1830.680367531178,36229694,16396799945.5
20250117,CUSTOM_DATA_CENTRE,1835.4523567485126,1879.0858960406201,1796.6131838231026,1838.8114100190062,75474328,23291429414.31
20250120,CUSTOM_DATA_CENTRE,1853.0318578643773,1891.6550004439555,1810.2709503334759,1863.4515026695567,30577332,16424315574.06
20250121,CUSTOM_DATA_CENTRE,1868.103160614512,1894.2285927626067,1798.1828894744526,1812.519548826948,27968148,18144251685.14
20250122,CUSTOM_DATA_CENTRE,1822.2657340427934,1834.1317914649394,1726.9077801708115,1767.6034116183143,34775352,21428250058.09
20250123,CUSTOM_DATA_CENTRE,1762.1904059193503,1819.5382435315264,1734.0831191167943,1774.3521496446017,26371074,15219988639.48
20250124,CUSTOM_DATA_CENTRE,1776.5561767243785,1793.916864931544,1710.7596974789587,1727.4681425629997,26382047,13050194740.14
20250127,CUSTOM_DATA_CENTRE,1710.4349906902792,1725.940404213379,1616.4447787746342,1648.7660790758305,36719083,22224704704.28
20250128,CUSTOM_DATA_CENTRE,1630.2637006628886,1673.7144707693321,1533.3586548250098,1590.6422775069345,64415876,40848223423.2
20250129,CUSTOM_DATA_CENTRE,1594.0052899267098,1686.486682708668,1580.0761328669796,1659.6070356876205,42998073,28204089808.620003
20250130,CUSTOM_DATA_CENTRE,1670.8975680373785,1711.07640553377,1625.946629892105,1654.2673579399186,28226803,27300238515.32
20250131,CUSTOM_DATA_CENTRE,1655.7708886096796,1731.5494555586229,1630.7206308364614,1696.2141630257504,25183275,24830884809.53
20250201,CUSTOM_DATA_CENTRE,1702.22113334496,1756.0633777708485,1644.5631408814584,1698.314851733481,59599861,23454995249.14
20250203,CUSTOM_DATA_CENTRE,1677.8775983825378,1702.8746574154068,1605.941772430708,1634.3223098743074,37693125,36630306633.48
20250204,CUSTOM_DATA_CENTRE,1644.1827237049429,1694.3448135260887,1607.7934357335528,1655.932976657374,39393361,31882151613.920002
20250205,CUSTOM_DATA_CENTRE,1665.8333195095813,1718.093333841945,1647.2118734143924,1688.7107637120885,31738451,21179766548.56
20250206,CUSTOM_DATA_CENTRE,1704.9254762551682,1743.2040821890594,1666.2367644077444,1699.2629197393167,28906946,26387116876.81
20250207,CUSTOM_DATA_CENTRE,1706.9784689240548,1733.8181765398317,1659.9972095277901,1690.584498186677,27165185,19456982602.32
20250210,CUSTOM_DATA_CENTRE,1695.9212324764535,1713.5705412558577,1626.260848323721,1646.6142612505532,22297937,17896563671.56
20250211,CUSTOM_DATA_CENTRE,1642.2528056681988,1654.6038467974322,1556.4224278694135,1583.6397969936772,28160392,18098231975.49
20250212,CUSTOM_DATA_CENTRE,1572.7351602555668,1616.2608728905464,1511.5449112138353,1578.8987598620765,35954248,24767596056.68
20250213,CUSTOM_DATA_CENTRE,1581.3312686044653,1629.323347283263,1543.298912413287,1568.9159749322225,25565075,19867837699.25
20250214,CUSTOM_DATA_CENTRE,1571.0327205446927,1585.8955947505601,1474.349232817537,1494.5903038837337,33481305,15839096182.02
20250217,CUSTOM_DATA_CENTRE,1477.5055091053434,1523.1738906076544,1424.7356504921502,1470.9361939894843,36258454,22134546347.7
20250218,CUSTOM_DATA_CENTRE,1475.6879853078917,1500.1065124549552,1407.5234132403175,1434.434908241714,32815251,36231667654.47
20250219,CUSTOM_DATA_CENTRE,1425.1824533678193,1518.1228642373121,1405.6207336744915,1492.077935735282,37173795,24506199974.64
20250220,CUSTOM_DATA_CENTRE,1487.5669215498494,1559.6111071639561,1469.627448061621,1540.0365528991445,36697542,23947101560.75
20250221,CUSTOM_DATA_CENTRE,1541.9899375483342,1583.5450566323777,1498.5056039057774,1526.451468903851,28276465,19054188583.9
20250224,CUSTOM_DATA_CENTRE,1504.1120859948699,1544.9737315056038,1470.2844697845223,1512.9663785963644,23325821,18193091766.87
20250225,CUSTOM_DATA_CENTRE,1510.7875257010426,1551.46698262998,1481.7004471096957,1501.937826617283,28833825,19956539969.13
20250227,CUSTOM_DATA_CENTRE,1508.4246556014004,1524.0998486638846,1440.5031095968423,1460.589957062078,34823878,23013530805.6
20250228,CUSTOM_DATA_CENTRE,1441.318289798141,1467.571096441367,1387.086434783655,1413.4461259291472,44628209,24908123981.69
20250303,CUSTOM_DATA_CENTRE,1415.919449061226,1447.747987262217,1341.0662282091123,1395.5736716012404,57365051,26763527677.88
20250304,CUSTOM_DATA_CENTRE,1378.4151403224646,1451.8532414698175,1361.4943789214335,1418.0480506530462,37763667,24199168960.21
20250305,CUSTOM_DATA_CENTRE,1422.209932406969,1489.2929347604904,1409.7399093988179,1464.5489481582645,37496665,25070615990.52
20250306,CUSTOM_DATA_CENTRE,1482.3140706660517,1520.6820980808095,1458.8826036635635,1491.3538525744168,33135875,26551097382.739998
20250307,CUSTOM_DATA_CENTRE,1494.8204849804017,1552.7174236449728,1475.4996059074504,1521.3471866818174,34245164,20266487299.2
20250310,CUSTOM_DATA_CENTRE,1526.9379443936975,1557.4329621953675,1456.0509052515522,1472.348338443886,33167638,17705429421.989998
20250311,CUSTOM_DATA_CENTRE,1452.362382317862,1492.5153985043742,1420.975011529903,1458.0973235970744,32143786,20540218364.77
20250312,CUSTOM_DATA_CENTRE,1464.839276697228,1490.9815270524318,1425.959122445972,1446.4718865578864,25117464,13221864079.57
20250313,CUSTOM_DATA_CENTRE,1455.208599869134,1477.272690781509,1414.339167189195,1430.0590325774463,34341478,17203591859.12
20250317,CUSTOM_DATA_CENTRE,1437.831918528021,1470.8800748749409,1402.1040697574633,1432.9271465211793,28722000,16358011283.03
20250318,CUSTOM_DATA_CENTRE,1444.8907826825573,1502.8157430354713,1430.0795783543863,1483.5592024148784,39217093,23488285901.19
20250319,CUSTOM_DATA_CENTRE,1492.5653029048926,1544.4312730212594,1479.7551044348334,1522.5223459716697,39252097,19881923613.739998
20250320,CUSTOM_DATA_CENTRE,1540.2590899477102,1579.7228524523857,1503.794348222426,1536.0543895004614,32618398,19555102212.92
20250321,CUSTOM_DATA_CENTRE,1537.384705799411,1596.2441181275303,1510.4815512107507,1564.136654864645,56230493,32855898761.940002
20250324,CUSTOM_DATA_CENTRE,1583.225565800722,1630.9942284675803,1558.262787260197,1597.0871610208337,44862116,20638308571.579998
20250325,CUSTOM_DATA_CENTRE,1613.146529097236,1629.5926962155354,1541.5520851218203,1557.3659751236546,36957132,16925210032.189999
20250326,CUSTOM_DATA_CENTRE,1561.380366411163,1590.9673002089366,1509.2710383744632,1526.9599192762923,33625923,31802631619.25
20250327,CUSTOM_DATA_CENTRE,1521.5141358337016,1577.3403776092114,1502.564170677056,1553.4216032262468,48242653,30866841271.72
20250328,CUSTOM_DATA_CENTRE,1560.8145503248043,1589.486310308272,1517.545857083869,1533.7831378194578,30511501,17979034090.03
20250401,CUSTOM_DATA_CENTRE,1537.501609466235,1567.7722511037728,1502.8363461890178,1529.576125677298,22905710,12409266399.83
20250402,CUSTOM_DATA_CENTRE,1534.1999283006421,1557.8582430468957,1496.8610307185056,1541.630046400474,23109638,14113164622.48
20250403,CUSTOM_DATA_CENTRE,1525.0857752594452,1575.0849905792752,1509.2488689749346,1553.4909358595876,23088490,12110887854.2
20250404,CUSTOM_DATA_CENTRE,1553.4731296318162,1560.528544174059,1465.701203998257,1485.8330099211596,34065445,20047915563.399998
20250407,CUSTOM_DATA_CENTRE,1312.2928937300894,1427.4048427981081,1297.8815705512043,1402.8896951810507,36354176,17933368094.03
20250408,CUSTOM_DATA_CENTRE,1448.5720630091516,1469.4356946438425,1404.0784004349723,1432.7350172636652,24636172,19623798701.8
20250409,CUSTOM_DATA_CENTRE,1429.6583141004608,1439.2304454313273,1379.2719564477302,1401.7935980592852,17793521,10863755874.95
20250411,CUSTOM_DATA_CENTRE,1449.0318445558148,1482.3626878660816,1418.1120214937332,1457.909652929197,22403540,15622013738.53
20250415,CUSTOM_DATA_CENTRE,1491.3183693526578,1547.5701909630598,1474.7287001148536,1531.477157215243,41023827,18587825920.86
20250416,CUSTOM_DATA_CENTRE,1537.6110856624425,1571.669200344604,1515.3396214689087,1547.303984556312,24156437,13742800204.47
20250417,CUSTOM_DATA_CENTRE,1546.9758141009136,1579.4632686689622,1518.5965232970009,1549.5197069039518,26627608,18483429597.05
20250421,CUSTOM_DATA_CENTRE,1560.9921010472085,1600.5723489745387,1532.434113357893,1576.7663971512902,33902298,18951082771.81
20250422,CUSTOM_DATA_CENTRE,1583.4786687791914,1615.5876717766912,1556.260510795474,1583.3598462915434,31270949,16823749421.42
20250423,CUSTOM_DATA_CENTRE,1595.5917848592337,1622.873051599599,1559.4124661800647,1589.6514118085745,24708667,14568461478.04
20250424,CUSTOM_DATA_CENTRE,1590.9778129705774,1618.5077934427502,1567.2293817154257,1588.7327736375194,18032037,12372216102.76
20250425,CUSTOM_DATA_CENTRE,1596.6637522613175,1608.2233296987636,1507.8214723561778,1545.273079053071,29788576,18874227792.6
20250428,CUSTOM_DATA_CENTRE,1545.6521658924019,1584.703700738664,1528.6529635037634,1560.792281428147,19197036,10510315642.48
20250429,CUSTOM_DATA_CENTRE,1567.030969617486,1598.3166346785295,1547.2102964332848,1564.6859352263248,15709273,11105721983.050001
20250430,CUSTOM_DATA_CENTRE,1563.6114587971958,1584.560482169059,1514.4126995013555,1534.1426320246858,19445662,12964258724.26
20250502,CUSTOM_DATA_CENTRE,1533.4862411911304,1561.761395876106,1501.9505694167885,1524.3727779923968,17010910,10309774347.12
20250505,CUSTOM_DATA_CENTRE,1540.0504022780694,1586.8674794146125,1521.154270366599,1562.7898051395073,22451227,18734757610.83
20250506,CUSTOM_DATA_CENTRE,1563.911008719965,1580.3488740562907,1500.4678504361877,1517.1289622189843,26149655,20153481038.28
20250507,CUSTOM_DATA_CENTRE,1489.5593114422031,1549.102058747724,1477.7891448625298,1529.6764172913706,24928430,15248280297.74
20250508,CUSTOM_DATA_CENTRE,1537.8594928349537,1588.0443796819964,1497.4054190523177,1523.4225209537676,34566851,24437601237.09
20250509,CUSTOM_DATA_CENTRE,1487.0830931370165,1540.7369455754133,1468.6821247618166,1517.5833540987176,30626077,16118723101.56
20250512,CUSTOM_DATA_CENTRE,1577.4829973456476,1632.304639942314,1557.7665947985142,1606.879184127638,66016681,29083146592.41
20250513,CUSTOM_DATA_CENTRE,1616.6319359567099,1665.26577731556,1591.174270653414,1633.7162371961365,44168360,22335651658.85
20250514,CUSTOM_DATA_CENTRE,1645.9051863800587,1685.3431109320231,1617.1903299195285,1653.4466715267743,41041011,24275486257.97
20250515,CUSTOM_DATA_CENTRE,1662.864259963277,1714.036042446227,1631.7818282061328,1684.8193097900808,56893723,32122227547.83
20250516,CUSTOM_DATA_CENTRE,1692.4670188450261,1746.1105205515144,1664.5941132077705,1707.262764327702,55495766,26918116546.32
20250519,CUSTOM_DATA_CENTRE,1717.1292692638144,1755.656990615061,1685.3876801012802,1716.4849992215263,47761323,19634818845.62
20250520,CUSTOM_DATA_CENTRE,1727.7249346521462,1740.62132052451,1665.9321165930985,1683.3092500050868,43274365,21167601145.06
20250521,CUSTOM_DATA_CENTRE,1687.092813978107,1727.89382093423,1663.80786993499,1706.9203569836793,46699084,20928971801.98
20250522,CUSTOM_DATA_CENTRE,1706.3804752328467,1733.0017432155662,1677.9691334723104,1708.2139511813168,41777517,23226135434.73
20250523,CUSTOM_DATA_CENTRE,1707.906171981204,1748.5815761052838,1681.1454524310877,1719.9202251813617,82341563,21616643562.15
20250526,CUSTOM_DATA_CENTRE,1731.9071818601135,1771.9375183473066,1705.004282359856,1731.5809968644776,29621476,20900307981.87
20250527,CUSTOM_DATA_CENTRE,1735.0242272027867,1769.4607964114118,1714.3896239493515,1742.3406196681342,30098460,24208916025.420002
20250528,CUSTOM_DATA_CENTRE,1750.2035249913608,1785.2257277976212,1719.5427569942512,1749.1853603588768,35583185,27939135647.24
20250529,CUSTOM_DATA_CENTRE,1762.0699743667556,1817.0450323539776,1738.0714359724227,1788.3974345870447,57415109,56277878730.21
20250530,CUSTOM_DATA_CENTRE,1797.9365216546908,1831.0088435908588,1765.2479198345345,1796.1526578709063,41270737,40186147779.84
20250602,CUSTOM_DATA_CENTRE,1802.2210251369745,1831.3159053950633,1764.7434176956197,1797.1826616529563,35150201,24094977277.29
20250603,CUSTOM_DATA_CENTRE,1803.1342141021134,1836.7669063364222,1779.495561992373,1801.7104514305922,22857508,18075068949.9
20250604,CUSTOM_DATA_CENTRE,1806.8359483670358,1838.1385294447682,1784.5073955198548,1812.6191076701207,31789769,18099951184.02
20250605,CUSTOM_DATA_CENTRE,1822.2578000840763,1858.4947711452728,1799.0306013237926,1822.9469515101946,31952900,20239826694.1
20250606,CUSTOM_DATA_CENTRE,1827.123040082255,1862.5484127705774,1793.992467661651,1820.5889599846757,76125560,25551183352.42
20250609,CUSTOM_DATA_CENTRE,1828.704350145042,1870.2907729512092,1806.8974197528808,1836.7850992773433,30304535,18960477732.739998
20250610,CUSTOM_DATA_CENTRE,1848.970834179635,1877.1576608125579,1818.7029903055604,1839.445445785064,28435697,15468298370.14
20250611,CUSTOM_DATA_CENTRE,1844.040484586145,1877.4623472910664,1807.223407517118,1834.7637110510389,32821755,18762414620.46
20250612,CUSTOM_DATA_CENTRE,1848.0057916850858,1870.9859667863795,1793.7516454658871,1809.4070112494326,65205936,19314196344.489998
20250613,CUSTOM_DATA_CENTRE,1763.4546736095674,1823.2335455445398,1743.9452681954224,1792.7815670964314,65380448,19314166885.79
20250616,CUSTOM_DATA_CENTRE,1793.6386591706464,1837.6003800774336,1749.175624078788,1814.980752916337,104662896,21265695258.36
20250617,CUSTOM_DATA_CENTRE,1825.7767011522367,1870.6548993276124,1790.5691904142848,1820.0858771363212,176016810,34927161213.61
20250618,CUSTOM_DATA_CENTRE,1821.5089383626123,1854.0984042069385,1785.8866091654334,1819.258490175432,55769399,17182035344.8
20250619,CUSTOM_DATA_CENTRE,1820.206351887448,1863.6174341396124,1770.3529064862337,1797.4423354875214,123634280,33163129354.58
20250620,CUSTOM_DATA_CENTRE,1796.2663386416623,1851.5683839641754,1772.0740788663318,1813.6169402614494,133991742,69250147944.53
20250623,CUSTOM_DATA_CENTRE,1795.999409778445,1842.089950176697,1770.7528964355222,1810.8852272756474,53354877,29406200079.87
20250624,CUSTOM_DATA_CENTRE,1829.7612668869272,1872.750855536784,1802.997215479669,1833.4979450772482,49051071,29552113890.23
20250625,CUSTOM_DATA_CENTRE,1848.7857569046646,1896.702037370806,1820.4133647473172,1868.1347878969555,49233992,31897742351.940002
20250626,CUSTOM_DATA_CENTRE,1875.8998609739738,1909.2990647755212,1843.9875175913394,1872.3182569551627,43267710,31360205898.38
20250627,CUSTOM_DATA_CENTRE,1883.9209593553055,1932.0432300589534,1851.1314444276115,1883.9158975370467,56778072,40658065413.03
20250630,CUSTOM_DATA_CENTRE,1893.948105860269,1932.1096986975208,1868.8690427013414,1902.5863343530646,30083460,23695151770.440002
20250701,CUSTOM_DATA_CENTRE,1911.656087181648,1934.6699819225273,1872.8731383490988,1895.075594443846,34372168,25828559508.69
20250702,CUSTOM_DATA_CENTRE,1900.9366721678311,1927.4065910828333,1864.43095224151,1890.4450490641123,39093870,23181537188.98
20250703,CUSTOM_DATA_CENTRE,1897.5177695177413,1923.7980062383517,1866.4004549319475,1890.0929942457508,28654210,17290743513.56
20250704,CUSTOM_DATA_CENTRE,1895.1444791606284,1919.3309279933299,1867.4437785303808,1891.2218336883916,23280566,16475188217.78
20250707,CUSTOM_DATA_CENTRE,1889.9519513958157,1935.1648146969044,1861.009095353711,1901.710187824486,30792231,28458286480.17
20250708,CUSTOM_DATA_CENTRE,1905.7572327302692,1929.9899289128264,1872.2629622416782,1896.2351967934371,26029442,24219655603.11
20250709,CUSTOM_DATA_CENTRE,1900.9957931030515,1935.2565621287915,1883.1917324818946,1909.2712606897633,22448211,21106928681.0
20250710,CUSTOM_DATA_CENTRE,1918.4811162600415,1954.8941546753972,1889.2591533791017,1924.106968849765,35700547,27805829060.52
20250711,CUSTOM_DATA_CENTRE,1924.874554027582,1957.2524264972699,1879.9817086924722,1905.5870709545552,37489227,36268772268.48
20250714,CUSTOM_DATA_CENTRE,1906.4985844283424,1951.337271715482,1870.971222343069,1917.8875378757973,31646054,24504246985.0
20250715,CUSTOM_DATA_CENTRE,1924.1909995697347,1967.5072263702568,1900.8228634792415,1937.8613716792186,48758748,29963571934.13
20250716,CUSTOM_DATA_CENTRE,1941.5013668505278,1976.4531705268155,1915.9794519204793,1946.7992645501256,29437567,21996627839.15
20250717,CUSTOM_DATA_CENTRE,1955.8108692980488,1997.0498481620593,1926.3362871706406,1963.8594223549185,39023471,32838957866.88
20250718,CUSTOM_DATA_CENTRE,1967.9673203371474,1990.2637823375846,1925.3590989617203,1945.1640077811935,28860371,22536898372.59
20250721,CUSTOM_DATA_CENTRE,1947.1762339900804,1973.126184151869,1911.2393008634324,1939.595913253388,19802841,16763563213.01
20250722,CUSTOM_DATA_CENTRE,1948.6755075335936,1988.344629401108,1919.6603085618156,1944.9414056509947,34535328,20636325755.879997
20250723,CUSTOM_DATA_CENTRE,1947.998276080338,1970.4948162939136,1913.3541073863948,1941.5696673673085,20909580,16195000861.84
20250724,CUSTOM_DATA_CENTRE,1945.1561025512717,1960.706809167832,1902.2235995450171,1920.1561456247969,25224829,18135655870.65
20250725,CUSTOM_DATA_CENTRE,1915.806437114097,1933.0863654044351,1862.267036985374,1878.9321678457623,50063689,24483174755.4
20250728,CUSTOM_DATA_CENTRE,1873.6763956403822,1907.384830979786,1819.6904533728548,1851.424820030137,40026747,18387531218.88
20250729,CUSTOM_DATA_CENTRE,1834.9971238065566,1907.3515613990603,1815.9842896515402,1887.9525475916091,38599759,23909957449.44
20250730,CUSTOM_DATA_CENTRE,1898.7452463786606,1937.711454863181,1863.7139745939642,1907.340788816802,27273909,26249539024.02
20250731,CUSTOM_DATA_CENTRE,1882.1180697310758,1931.3878449177346,1856.109728892231,1893.870967769495,34694841,23625779746.58
20250801,CUSTOM_DATA_CENTRE,1898.53557027447,1932.817667435505,1849.237957775723,1870.4003742153543,34579926,42556798485.189995
20250804,CUSTOM_DATA_CENTRE,1875.7235086935839,1918.4306941447603,1840.092120291448,1893.3328433557463,34763718,44064695273.86
20250805,CUSTOM_DATA_CENTRE,1904.4217087656737,1943.2481251943782,1866.0042580750535,1901.5862849751759,30187792,31834430180.7
20250806,CUSTOM_DATA_CENTRE,1902.8215744033178,1925.7408234816944,1854.7003266395539,1877.912982590333,33677229,26090089622.45
20250807,CUSTOM_DATA_CENTRE,1868.0337978807383,1909.4090263928308,1831.7640279712275,1881.5510553681777,25883491,23553134647.82
20250808,CUSTOM_DATA_CENTRE,1885.0220896193998,1909.9072488252787,1833.4585844512471,1855.5084997318563,24619736,31145024792.809998
20250811,CUSTOM_DATA_CENTRE,1859.8868435609636,1896.5398853939803,1828.399717879143,1868.3336319711075,20941328,23197330701.07
20250812,CUSTOM_DATA_CENTRE,1875.9376869286623,1908.462807614961,1842.296658122682,1869.0173690326376,20032983,21309012717.08
20250813,CUSTOM_DATA_CENTRE,1873.6337731245715,1918.6916267858956,1852.3425452309682,1891.4689134120747,20658381,19430961049.920002
20250814,CUSTOM_DATA_CENTRE,1894.7845715585865,1915.3344671907612,1855.6884005341358,1875.956714114859,20858385,13962211001.12
20250818,CUSTOM_DATA_CENTRE,1898.5257495550948,1928.4401764548415,1857.265782537222,1893.097415584635,20388426,17988302802.59
20250819,CUSTOM_DATA_CENTRE,1898.9706066910467,1927.949132605328,1873.042448055918,1904.4272418943394,18830651,14851391092.52
20250820,CUSTOM_DATA_CENTRE,1907.6579946580143,1938.8916992297889,1877.5424548350386,1901.0551842946738,20475184,17204848748.760002
20250821,CUSTOM_DATA_CENTRE,1906.0593511724614,1940.2631709647467,1879.4520758770957,1900.4191576359203,29433720,19823364518.05
20250822,CUSTOM_DATA_CENTRE,1902.1294927498202,1945.5503480676211,1879.8792576447217,1916.858915423334,29802779,35339133247.83
20250825,CUSTOM_DATA_CENTRE,1925.4928006307307,1959.349294549786,1893.5736944161208,1921.5083939799879,25525654,23986002207.89
20250826,CUSTOM_DATA_CENTRE,1919.0617870276292,1932.4183934865346,1857.952563263527,1876.2693857764368,30448036,59644959740.89
20250828,CUSTOM_DATA_CENTRE,1875.1826749746967,1898.4736824108259,1831.3738255102242,1853.168341332794,23776792,18958607715.02
20250829,CUSTOM_DATA_CENTRE,1859.733581512182,1888.3726865122355,1821.401921812069,1843.2433848523224,47106085,25317819336.98
20250901,CUSTOM_DATA_CENTRE,1847.804222759434,1891.614695603424,1827.3266992171687,1865.5437257900294,33148823,22520786089.83
20250902,CUSTOM_DATA_CENTRE,1873.514471748921,1917.4898918469562,1850.419037335644,1882.5826979924213,34889308,23988187997.850002
20250903,CUSTOM_DATA_CENTRE,1896.1874051984878,1943.3228567430403,1869.2880158458308,1918.3447361439635,37279616,40994779571.520004
20250904,CUSTOM_DATA_CENTRE,1936.2828621729734,1958.6664078470417,1881.8730057168857,1905.2062428408142,27680772,33391769933.420002
20250905,CUSTOM_DATA_CENTRE,1914.0004927900811,1962.4952008906378,1882.7992647851086,1924.3372075803736,35920614,44526588120.69
20250908,CUSTOM_DATA_CENTRE,1936.9506448920495,1972.6195636710654,1906.1087866547261,1938.2437184828432,40861571,40120448139.85
20250909,CUSTOM_DATA_CENTRE,1945.875843748432,1971.8925612346866,1907.5792156649402,1935.3655632687526,28501835,23653228161.89
20250910,CUSTOM_DATA_CENTRE,1949.1979114312153,2001.5309151729807,1931.0451907989404,1963.7376983723204,38718839,33504335214.01
20250911,CUSTOM_DATA_CENTRE,1972.4817028808834,2007.9069473987402,1943.2576650319506,1963.6078717079117,26439995,22299357212.15
20250912,CUSTOM_DATA_CENTRE,1973.5903014222965,2011.6109999419723,1944.5179930987906,1976.32909975304,59715743,24304704883.969997
20250915,CUSTOM_DATA_CENTRE,1976.9400570200248,2031.6371231117198,1961.2014785711394,2000.235351616056,67685125,45586982816.12
20250916,CUSTOM_DATA_CENTRE,2009.6035794540971,2064.815795774669,1986.1684640232238,2029.6100257807764,66463171,34729313589.84
20250917,CUSTOM_DATA_CENTRE,2040.4028667957964,2075.120527449994,2010.114643112718,2042.030157168842,38270886,22949629824.6
20250918,CUSTOM_DATA_CENTRE,2052.088764071763,2081.525474418178,2012.691467105678,2040.691363078257,94991269,29580096129.21
20250919,CUSTOM_DATA_CENTRE,2045.9317690395585,2097.6813691312013,2021.410420280492,2070.4526106438398,56733509,58473322115.32
20250922,CUSTOM_DATA_CENTRE,2078.040292859716,2124.5301894307845,2044.334161881936,2075.6635579346125,55513696,56537924536.94
20250923,CUSTOM_DATA_CENTRE,2082.2718948753227,2109.753059048986,2045.22996558704,2075.5000973792803,27771924,32426319440.13
20250924,CUSTOM_DATA_CENTRE,2079.7540190607647,2110.864648619121,2031.4349152895106,2057.7559056113414,50866094,39998268712.33
20250925,CUSTOM_DATA_CENTRE,2063.3174199845334,2098.112467266344,2031.7201789359824,2056.5829298995423,37959942,34625232948.72
20250926,CUSTOM_DATA_CENTRE,2053.1724589382693,2086.520915123697,1998.0017099164997,2027.8773173022291,54654391,48752570651.14
20250929,CUSTOM_DATA_CENTRE,2039.0618077547226,2080.6505263380486,2003.9800598244442,2037.0212945795513,65939033,47039880957.88
20250930,CUSTOM_DATA_CENTRE,2041.6552245576522,2073.9438104263577,1992.590789163754,2025.667770076455,30227172,31712027658.99
20251001,CUSTOM_DATA_CENTRE,2027.8795775306676,2089.170079594464,2003.2466051687795,2065.998912160807,37353636,73156554342.68
20251003,CUSTOM_DATA_CENTRE,2079.1454424630533,2131.5470886125436,2050.162788233997,2105.9350286394774,54982358,60254993480.74
20251006,CUSTOM_DATA_CENTRE,2116.882856217091,2144.311020584186,2068.654717652206,2096.7928842122037,30555477,35888181937.75
20251007,CUSTOM_DATA_CENTRE,2107.103345442584,2141.783675067637,2062.413617958865,2092.619566824345,37427847,40519019179.07
20251008,CUSTOM_DATA_CENTRE,2092.03920018683,2120.2009923477876,2050.406976365946,2070.546508219193,29505880,33221207557.84
20251009,CUSTOM_DATA_CENTRE,2074.499304402821,2098.2139503031667,2031.0644213720939,2054.4311173116944,34689602,32949510117.64
20251010,CUSTOM_DATA_CENTRE,2058.5108136689173,2092.0240496322117,2025.8816630128774,2052.855094758239,42793071,31683636825.510002
20251013,CUSTOM_DATA_CENTRE,2045.8981201631218,2072.807569031278,2007.2471827268073,2039.3872340635428,39809363,25548334823.35
20251014,CUSTOM_DATA_CENTRE,2050.73127155143,2076.293729904981,1993.6757117812906,2025.2096146592987,36293327,29907944301.83
20251015,CUSTOM_DATA_CENTRE,2032.445333527664,2081.8672237447654,2006.9982508245453,2051.961958508886,35265584,25132474512.13
20251016,CUSTOM_DATA_CENTRE,2058.62369399326,2080.4011267210226,2016.8041457502682,2041.7632536385295,28276235,26197408147.61
20251017,CUSTOM_DATA_CENTRE,2042.5640044672737,2080.9218302429626,2011.102638832703,2040.6505130325465,45854968,27983852650.6
20251020,CUSTOM_DATA_CENTRE,2047.3626199789555,2072.4080216854886,2009.6462065790388,2037.1602145536033,27446808,22946771903.66
20251021,CUSTOM_DATA_CENTRE,2050.280587263062,2074.5229359639925,2029.7727030496,2051.2684121639327,16584276,5306395855.02
20251023,CUSTOM_DATA_CENTRE,2064.665675158567,2100.0099579529365,2017.9397398573096,2049.518756793153,53534544,28416376466.690002
20251024,CUSTOM_DATA_CENTRE,2057.9132813771475,2095.982851201633,2024.8031589049895,2059.5777091228006,106964520,42114160402.75
20251027,CUSTOM_DATA_CENTRE,2068.3850415111724,2106.37992886826,2031.2626656760428,2066.4453202753857,56531399,31917750448.489998
20251028,CUSTOM_DATA_CENTRE,2072.869535558994,2116.854490906173,2039.910378260455,2079.199569382803,54323998,46046960442.57
20251029,CUSTOM_DATA_CENTRE,2086.0044957824507,2133.994870144416,2058.534193437953,2102.6879386266965,57522069,39538454919.24
20251030,CUSTOM_DATA_CENTRE,2104.822781664786,2146.9002709961305,2079.283592311441,2119.0052854668143,43737574,43369252894.85
20251031,CUSTOM_DATA_CENTRE,2130.2703192557356,2169.571075135903,2095.5061120533687,2126.4392143388836,52147269,45156963361.54
20251103,CUSTOM_DATA_CENTRE,2125.2576525385957,2185.256238124745,2093.1900092353617,2145.6947235647426,87621055,51380264825.62
20251104,CUSTOM_DATA_CENTRE,2154.1757222570473,2192.873900890232,2111.7783550854915,2148.7561254269685,58161698,61789023589.810005
20251106,CUSTOM_DATA_CENTRE,2146.9311701461133,2170.623389659124,2069.5858063690416,2099.46809634462,73253213,50298103627.62
20251107,CUSTOM_DATA_CENTRE,2092.4876883467336,2140.6256819989458,2041.9355528216563,2106.396574874312,68339893,64854454457.54
20251110,CUSTOM_DATA_CENTRE,2109.2887151616073,2145.4475922288384,2060.506019279236,2098.7331721529954,43362350,38222081508.53
20251111,CUSTOM_DATA_CENTRE,2103.968677299306,2143.376444172091,2063.7014720340426,2110.6434713390754,57101593,37077494268.35999
20251112,CUSTOM_DATA_CENTRE,2121.342026627135,2171.590351109125,2088.4637951794634,2136.72455611664,61394274,43274641230.83
20251113,CUSTOM_DATA_CENTRE,2141.114699537906,2186.8501097463973,2102.3245547061238,2131.4178682640245,31537582,25506082264.510002
20251114,CUSTOM_DATA_CENTRE,2128.270047955336,2164.6328223309606,2089.7404086430165,2121.1658631119017,25818711,20633253293.27
20251117,CUSTOM_DATA_CENTRE,2131.4012231857605,2167.5048623357825,2100.2000586285967,2132.1862569574014,26001899,26454894443.91
20251118,CUSTOM_DATA_CENTRE,2135.447410517036,2150.5953153205705,2083.6255724690727,2105.0674246701715,23655982,20639798083.06
20251119,CUSTOM_DATA_CENTRE,2106.2005158499774,2141.5095846182794,2073.4660531844293,2109.7653714741255,28999131,26199646603.7
20251120,CUSTOM_DATA_CENTRE,2119.3445260630933,2156.6882593722194,2089.8225840891705,2118.921005064199,31860086,38197953527.6
20251121,CUSTOM_DATA_CENTRE,2113.711536667013,2128.614299777166,2052.7507016180625,2071.0032844781917,24986206,20394521445.55
20251124,CUSTOM_DATA_CENTRE,2074.521334377109,2101.5819386911985,2003.9601207983344,2034.6920244553112,65533466,128948172872.01
20251125,CUSTOM_DATA_CENTRE,2041.4613177255424,2080.0414367819144,2011.0528546853263,2042.0544183730713,29135906,28775126207.2
20251126,CUSTOM_DATA_CENTRE,2046.1910385562383,2096.5449995631175,2030.1986020968918,2072.8860224934397,28517412,26682716557.39
20251127,CUSTOM_DATA_CENTRE,2080.3335940343463,2103.3440772621348,2041.5880878175376,2063.247757782946,22438572,19293716103.35
20251128,CUSTOM_DATA_CENTRE,2062.98877809892,2087.603270331952,2031.771501079721,2050.6789203816256,22424500,16924027008.800001
20251201,CUSTOM_DATA_CENTRE,2058.971283398397,2090.6443034638773,2028.492886765961,2048.9419961051444,31191980,21487070681.39
20251202,CUSTOM_DATA_CENTRE,2048.964252092433,2069.148860502689,2011.9915306419048,2037.5568206169555,23045550,24942258027.26
20251203,CUSTOM_DATA_CENTRE,2040.347846959797,2061.072675347779,1992.210568475245,2013.1199080272988,27477498,23785619737.58
20251204,CUSTOM_DATA_CENTRE,2013.8364754075274,2050.1048974556493,1975.249666226178,2003.4421310870184,42231794,29380545983.7
20251205,CUSTOM_DATA_CENTRE,2004.5464410090412,2023.8448740326191,1946.7747056204669,1972.7182600561148,35381338,24273007129.21
20251208,CUSTOM_DATA_CENTRE,1974.1334400193698,1991.1555840993365,1891.989599309316,1914.1474916494644,49533497,25145947735.36
20251209,CUSTOM_DATA_CENTRE,1908.4224930248024,1979.7062070187235,1871.472043857023,1953.297890645142,38653283,26403944280.69
20251210,CUSTOM_DATA_CENTRE,1959.9528645580388,1986.346774030873,1915.3899133735401,1933.926259653091,30477527,19168102073.26
20251211,CUSTOM_DATA_CENTRE,1933.7463329291375,1968.1146284626554,1902.8703410650194,1942.8150382945269,31394447,19154101978.37
20251212,CUSTOM_DATA_CENTRE,1950.140762735952,1995.3776615780814,1929.458805107261,1969.3013120593157,49488545,35536620209.87
20251215,CUSTOM_DATA_CENTRE,1967.681526396728,2006.494993959241,1938.9059106316936,1976.869007147541,24601545,19126649099.08
20251216,CUSTOM_DATA_CENTRE,1971.627021972938,2001.8182796075855,1939.8621526963436,1967.1195448774806,24431139,18921207172.73
20251217,CUSTOM_DATA_CENTRE,1966.423131821725,1990.7918052439884,1926.1284852013691,1948.304189960086,26544789,20244779775.28
20251218,CUSTOM_DATA_CENTRE,1946.169286098835,1966.633042924433,1895.4166180892526,1925.2995888927135,24765328,22689475501.03
20251219,CUSTOM_DATA_CENTRE,1935.6699063875271,1988.0782800337652,1911.3330477689778,1963.653017180098,57434174,38244404618.58
20251222,CUSTOM_DATA_CENTRE,1976.8058197465966,2036.7961421663535,1954.4104312059737,2004.5448880966758,48422351,36766373044.12
20251223,CUSTOM_DATA_CENTRE,2011.8954617120748,2040.8795763033133,1975.1754757071105,2008.3619791046524,39702123,18509973178.3
20251224,CUSTOM_DATA_CENTRE,2007.536403195656,2033.739072730737,1976.959090870161,1995.6544854573535,25233881,13108708980.59
20251226,CUSTOM_DATA_CENTRE,1995.8944065400206,2026.9686200225012,1960.1264148687424,1978.1848737054688,69412787,15130279486.119999
20251229,CUSTOM_DATA_CENTRE,1981.7475294837934,2006.1871115417132,1934.3855221976687,1957.1882790707423,184151168,24289016631.989998
20251230,CUSTOM_DATA_CENTRE,1956.6293395062594,1978.7828675093208,1916.857856721279,1943.9845552694505,111285594,34308288108.420002
20251231,CUSTOM_DATA_CENTRE,1951.1272678153846,1999.7528585650548,1937.0440464433937,1970.203919404374,178047065,24861253926.61
20260101,CUSTOM_DATA_CENTRE,1973.4926470670453,2009.6765787309037,1946.7579773874872,1972.9013174845036,70796764,20703274977.9
20260102,CUSTOM_DATA_CENTRE,1976.7354505567941,2015.2857540214957,1951.5692230169311,1990.2511386424549,38671160,19175922897.52
20260105,CUSTOM_DATA_CENTRE,1997.9937953324338,2040.0278530199346,1964.34171943644,1996.749710683987,42138951,40486236027.75
20260106,CUSTOM_DATA_CENTRE,2004.7847694370134,2027.4675751001118,1955.7498924908643,1982.8043602830317,41969374,27801635510.62
20260107,CUSTOM_DATA_CENTRE,1982.3779339139655,2028.7185098611908,1963.6321401401979,1998.188244030593,36690033,22482356820.6
20260108,CUSTOM_DATA_CENTRE,1998.998430760745,2029.7176295577137,1925.6715840071097,1946.013613614887,44196711,37593153244.36
20260109,CUSTOM_DATA_CENTRE,1942.9712206480372,1974.5644598547863,1879.8009964693022,1906.3035648467624,50576358,59602859125.67
20260112,CUSTOM_DATA_CENTRE,1895.6455417734826,1923.5902713769053,1829.004301576975,1879.0520128377927,52533662,41745627525.56
20260113,CUSTOM_DATA_CENTRE,1889.0057283675378,1919.780424220975,1850.677869131157,1876.4049717723378,39574678,23403730458.29
20260114,CUSTOM_DATA_CENTRE,1875.9215854006063,1904.9097684605097,1848.2098556869655,1872.4406011127971,41039832,20917500625.94
20260116,CUSTOM_DATA_CENTRE,1872.5867074861726,1917.2873578706726,1840.6890844351954,1873.018885639438,59486781,31807126010.64
20260119,CUSTOM_DATA_CENTRE,1879.6733094988315,1912.7868265513675,1836.0715656928714,1862.9337441968537,49975781,50332905823.2
20260120,CUSTOM_DATA_CENTRE,1863.2429167175023,1876.4171952774532,1778.9410337200845,1797.5285690814446,34744300,27249631417.54
20260121,CUSTOM_DATA_CENTRE,1791.5232462569404,1820.079942543863,1741.548846064454,1772.1299949714705,35344343,24646802754.3
20260122,CUSTOM_DATA_CENTRE,1794.078050697422,1832.4015885669855,1763.230975675003,1800.3344793717108,35716069,23146876078.38
20260123,CUSTOM_DATA_CENTRE,1808.1942076116243,1827.3146788792703,1728.3618864555917,1748.1819596322998,34052932,19619654535.41
20260127,CUSTOM_DATA_CENTRE,1757.6063923500578,1789.0281383243328,1707.0937319774314,1747.2185903077243,37308128,21958230428.46
20260128,CUSTOM_DATA_CENTRE,1755.568037362098,1840.1554770222062,1742.9112089787457,1820.9237267647827,69319729,31464952316.03
20260129,CUSTOM_DATA_CENTRE,1835.0324166147125,1884.8644425112223,1784.755554877636,1841.6276866875405,84034012,51250924904.35
20260130,CUSTOM_DATA_CENTRE,1834.7221922636388,1928.1710256514205,1803.6381063645263,1890.246769427242,66821912,43869148261.04
20260201,CUSTOM_DATA_CENTRE,1896.4425171720357,1976.0671792147675,1829.681346894005,1903.371323716277,100075410,56589173679.7
20260202,CUSTOM_DATA_CENTRE,1909.2174601825204,1957.642829586249,1847.7443355526827,1916.5600347646791,63826931,46639354453.03
20260203,CUSTOM_DATA_CENTRE,2024.5722189906419,2065.318882690792,1962.8864786560732,2017.2987942449238,93004130,52062438265.41
20260204,CUSTOM_DATA_CENTRE,2014.3305942546476,2071.020063115351,1971.6323354790848,2032.0735261546731,56030409,39622579425.2
20260205,CUSTOM_DATA_CENTRE,2024.2310849845678,2070.456653173539,1970.53507348154,2020.8662040186039,72424041,36204292036.04
20260206,CUSTOM_DATA_CENTRE,2026.1262809425243,2080.1023088658417,1980.5451589761608,2045.7642258742517,44895770,50900589134.43
20260209,CUSTOM_DATA_CENTRE,2070.593142816988,2133.7895916378898,2040.2649865256192,2103.872347370589,48098541,31746336044.1
20260210,CUSTOM_DATA_CENTRE,2113.2420988009503,2178.400449097994,2078.3125876735635,2127.7375913344367,85585393,36789806382.57
20260211,CUSTOM_DATA_CENTRE,2133.732347565555,2159.213168415306,2082.109868116026,2119.178762714309,52102365,23073761009.85
20260212,CUSTOM_DATA_CENTRE,2116.9338639087237,2166.517582306078,2071.975328624424,2114.2445566184315,59383274,46677417735.7
20260213,CUSTOM_DATA_CENTRE,2098.145753993092,2130.7405721534724,2054.002396245836,2086.8759170583367,38954799,23880557588.45
20260216,CUSTOM_DATA_CENTRE,2084.565357620511,2137.789763766429,2055.1326590551857,2102.608098425992,28324347,22916287223.22
20260217,CUSTOM_DATA_CENTRE,2104.891444477117,2166.066167408776,2081.537367805415,2133.5603286911437,69140287,28224534721.570004
20260218,CUSTOM_DATA_CENTRE,2144.40951071704,2226.113014529516,2112.898415111713,2175.729059794529,93435269,75355499488.42
20260219,CUSTOM_DATA_CENTRE,2182.194697873488,2227.864611606244,2120.6428575976356,2144.762549099025,55826782,55473165095.83
20260220,CUSTOM_DATA_CENTRE,2139.3084827197326,2211.7622071728533,2108.9465937779532,2167.687166483936,65580851,95523380847.66
20260223,CUSTOM_DATA_CENTRE,2186.0919249922354,2228.3502891425246,2133.9621879463043,2173.9482324225596,56843032,57324457194.15
20260224,CUSTOM_DATA_CENTRE,2165.080392292313,2201.34553774418,2120.5138391184323,2163.628634604242,40154696,41066272458.8
20260225,CUSTOM_DATA_CENTRE,2173.6461642829613,2221.5624049803346,2136.1290676999815,2179.4216826552642,48841370,51505940085.46
20260226,CUSTOM_DATA_CENTRE,2183.944200049021,2229.490641124732,2154.9550389825226,2192.4403259732817,36368761,35228363063.07
20260227,CUSTOM_DATA_CENTRE,2189.423003272013,2233.7862195864786,2148.2876129456445,2192.917112955761,47132054,60711656736.8
20260302,CUSTOM_DATA_CENTRE,2091.343138719416,2195.4988366486177,2072.6402096756697,2142.2847150438365,57920362,46718855298.94
20260304,CUSTOM_DATA_CENTRE,2105.298686529857,2137.138289099625,2045.4070921844807,2080.2770025172713,46271456,44073437539.98
20260305,CUSTOM_DATA_CENTRE,2090.4711130176797,2159.644918595649,2057.2260465828126,2115.077055893688,63601515,45505302416.05
20260306,CUSTOM_DATA_CENTRE,2116.4450878697667,2184.244960074757,2089.719982064822,2135.968078732936,43980595,41286202655.89
20260309,CUSTOM_DATA_CENTRE,2086.458689552474,2126.888532958692,2027.3710600490967,2079.8838929246576,39236351,31925481953.07
20260310,CUSTOM_DATA_CENTRE,2119.200354321665,2166.700557078694,2088.458738097012,2130.0285297466776,40688227,34681704371.77
20260311,CUSTOM_DATA_CENTRE,2143.453229247253,2196.3812607398554,2099.6090896779483,2134.7802709974517,64221806,31696812095.02
20260312,CUSTOM_DATA_CENTRE,2120.2698947981025,2181.8341184654396,2073.112562950271,2146.96643661254,96471309,37881668858.68
20260313,CUSTOM_DATA_CENTRE,2139.5576834409417,2169.9918065722586,2057.7379612701084,2080.0696448200347,101693620,39042778886.020004
20260316,CUSTOM_DATA_CENTRE,2076.3136834536876,2111.8420758229445,2002.5923639372184,2057.5933417442857,52996990,34976898846.909996
20260317,CUSTOM_DATA_CENTRE,2070.6658965735037,2112.719572670932,2031.5501181416041,2079.3767847901004,31164585,23875594855.78
20260318,CUSTOM_DATA_CENTRE,2090.1085546348572,2180.9108405819984,2069.3544003885686,2133.465286159647,57909251,28666746018.850002
20260319,CUSTOM_DATA_CENTRE,2087.609925391738,2135.6380224299805,2049.5301679879144,2075.6026444701,34678542,20188161234.03
20260320,CUSTOM_DATA_CENTRE,2095.790991171951,2153.2479219515244,2061.5616349933375,2094.8789407625154,34113034,27107693243.350002
20260323,CUSTOM_DATA_CENTRE,2065.7639493933934,2076.222496890088,1960.4986989294184,1992.2538848721274,38195228,27303904064.42
20260324,CUSTOM_DATA_CENTRE,2043.3796032848752,2089.947328341665,1994.170613854349,2056.144403221201,47717202,30965074059.670002
20260325,CUSTOM_DATA_CENTRE,2073.81231834246,2141.788540275598,2054.713722730856,2099.864250726328,44760201,29458294641.670002
20260327,CUSTOM_DATA_CENTRE,2085.3508045626454,2103.993244898439,2010.718669196235,2034.181130499904,59653101,49588222084.16
20260330,CUSTOM_DATA_CENTRE,2005.2563851880636,2038.3297411458293,1935.4359494252888,1959.1147156074564,46869587,32410190603.59
20260401,CUSTOM_DATA_CENTRE,2025.1098175792283,2105.9031985293127,1998.8583383566897,2060.9666067849007,44962337,30724253247.25
20260402,CUSTOM_DATA_CENTRE,2024.6083709403144,2089.4488917895424,1977.4587180037652,2070.7531424021777,35661256,22867992056.39
20260406,CUSTOM_DATA_CENTRE,2072.2259785614037,2133.6152492420915,2038.2625067322022,2102.438340460968,41183273,26141453443.47
20260407,CUSTOM_DATA_CENTRE,2102.2201186899956,2149.495514242902,2068.679782052077,2118.0669029594255,28267138,21594071728.04
20260408,CUSTOM_DATA_CENTRE,2199.5481835957357,2252.2594239589503,2152.876933110122,2213.497195737238,54228144,41445236335.38
20260409,CUSTOM_DATA_CENTRE,2215.965050090156,2288.577747224649,2182.942062649255,2239.432892553988,115320492,51855591685.6
20260410,CUSTOM_DATA_CENTRE,2258.333934401801,2349.8884535418892,2237.230798247201,2310.726616331792,105222331,56619020203.11
20260413,CUSTOM_DATA_CENTRE,2261.650080221027,2383.1686757451193,2234.427508103125,2341.1125447377185,105807859,46525779939.8
20260415,CUSTOM_DATA_CENTRE,2394.0508914000466,2473.9384253111507,2362.7255352271736,2432.4299543386933,84412673,74991295317.91
20260416,CUSTOM_DATA_CENTRE,2456.2737884386547,2511.6945689012828,2404.7004440540422,2462.1118105803243,96781853,60961069649.41
20260417,CUSTOM_DATA_CENTRE,2472.5546433655063,2554.5696030876934,2449.427072857104,2520.882834080688,94089611,53065211687.22
20260420,CUSTOM_DATA_CENTRE,2530.115256891556,2594.0070104391366,2474.9810826260377,2533.5937015306595,65969068,48004013315.659996
20260421,CUSTOM_DATA_CENTRE,2549.8513664541065,2607.1397336668097,2513.078000089342,2553.795887664677,67504092,46649356629.16
20260422,CUSTOM_DATA_CENTRE,2555.7643047175757,2634.837970304758,2521.564303450715,2593.137601152284,84545360,62882416317.04
20260423,CUSTOM_DATA_CENTRE,2589.2083418361235,2669.3895986339035,2546.543023941986,2611.7398924555096,61777759,58112350162.45
20260424,CUSTOM_DATA_CENTRE,2620.125833451416,2659.957540606792,2526.2698902039456,2582.5722662036633,66238948,47922535549.42
20260427,CUSTOM_DATA_CENTRE,2603.9286967378525,2702.375881755478,2570.501781969286,2659.051348817273,92908502,48314063881.46
20260428,CUSTOM_DATA_CENTRE,2668.8843188460132,2747.088545247694,2625.909929838044,2677.3627716144847,67031870,45500873844.71
20260429,CUSTOM_DATA_CENTRE,2696.1720285334777,2754.203691046803,2640.78954147817,2690.7557586572093,65869064,46428014279.25
20260430,CUSTOM_DATA_CENTRE,2691.8254321689806,2773.57440268077,2643.370069855081,2725.9571193266665,270985058,86405708516.9
20260504,CUSTOM_DATA_CENTRE,2753.3377434475756,2810.0661635072433,2684.980705455793,2741.5821715868597,206730213,70363201690.69
20260505,CUSTOM_DATA_CENTRE,2752.215230341573,2828.1423237352487,2721.32217466403,2782.745541716431,168252234,66280540832.880005
20260506,CUSTOM_DATA_CENTRE,2809.580077347679,2889.467117137085,2734.8693706303493,2821.7413887426424,222625820,85871539974.9
20260507,CUSTOM_DATA_CENTRE,2841.3796371019744,2951.6203417684296,2802.038054756544,2904.8423202500426,187621948,84640012300.23
20260508,CUSTOM_DATA_CENTRE,2913.3506266311765,2979.1954610980288,2848.789802014846,2902.8666662766227,115067216,61658178059.65
20260511,CUSTOM_DATA_CENTRE,2893.798725176751,2946.386805764649,2796.2635929817757,2862.788843792622,145241026,74804357451.68
20260512,CUSTOM_DATA_CENTRE,2861.495440528589,2912.2499506100726,2734.4779098730155,2774.2281252058683,152217378,70644540537.48
20260513,CUSTOM_DATA_CENTRE,2766.7987777324392,2871.0345784706183,2719.0336518468403,2796.817214965527,104849514,76228997642.01
20260514,CUSTOM_DATA_CENTRE,2815.1068311804297,2898.9282801264862,2740.9490559475616,2836.363909341253,122463428,82393663183.36
20260515,CUSTOM_DATA_CENTRE,2854.954833409701,2909.7736094223033,2752.3320197802177,2830.065568431302,63550058,58365950996.479996
20260518,CUSTOM_DATA_CENTRE,2809.031266826733,2864.7015437475566,2703.3728502839317,2791.3815103103434,80954021,56437105672.83
20260519,CUSTOM_DATA_CENTRE,2784.705501279064,2856.111785004176,2735.248839954823,2793.32082651821,70728379,45402324794.37
20260520,CUSTOM_DATA_CENTRE,2778.4783783294824,2896.6367833161967,2739.518751898462,2857.6556535393233,58322329,86311772660.72
20260521,CUSTOM_DATA_CENTRE,2893.1750027394405,2983.7080538399046,2846.1511553799646,2913.8803865122063,70814759,90934313768.14
20260522,CUSTOM_DATA_CENTRE,2932.427088802765,2999.642102497681,2874.184648390151,2935.057081261916,69995319,69996767704.2
20260525,CUSTOM_DATA_CENTRE,2987.0366596145705,3039.875926792935,2919.2034620022673,2966.7266234189633,125599318,68038697223.380005
20260526,CUSTOM_DATA_CENTRE,2978.8758635949216,3059.2198414607747,2923.4295287201007,2991.578083239941,94432688,67174749354.170006
20260527,CUSTOM_DATA_CENTRE,3003.3685828556195,3115.6538206718565,2962.92795528142,3057.8777498652994,111984386,94914176564.64
20260529,CUSTOM_DATA_CENTRE,3073.54274081385,3162.6427977007306,2976.3231348020167,3080.9909167230253,166579698,171957017885.78
20260601,CUSTOM_DATA_CENTRE,3100.964328999514,3159.873456840308,2972.227353062489,3014.68787139962,101768350,95227748683.22
20260602,CUSTOM_DATA_CENTRE,3011.6697011557026,3100.3234808489638,2943.9522852965006,3053.8279319395488,108487935,97920035739.61
20260603,CUSTOM_DATA_CENTRE,3074.760456638735,3147.1178854035797,3011.370151512091,3081.564597330642,107692205,80999608828.95
20260604,CUSTOM_DATA_CENTRE,3083.5352091748337,3192.4999103611062,3041.86731945236,3124.9082658018233,127785875,93606162861.14
20260605,CUSTOM_DATA_CENTRE,3148.6350363708707,3197.9967467678375,3053.369000357634,3098.4387412984443,77890638,62818308639.65
20260608,CUSTOM_DATA_CENTRE,3023.0518638504973,3082.711852112697,2945.614610338333,2984.5008261177254,35218324,57453223106.22
20260609,CUSTOM_DATA_CENTRE,2995.5098614363988,3079.53560275059,2942.761278896297,3030.1847568682506,95336807,67617881573.3
20260610,CUSTOM_DATA_CENTRE,3044.9548632995793,3094.25148812794,2943.573560591181,2979.1049490208766,43740506,54570680688.3
20260611,CUSTOM_DATA_CENTRE,2955.008361994687,3032.71354486697,2883.361972280319,2925.7958007533052,108239287,81977941536.4
20260612,CUSTOM_DATA_CENTRE,2980.7487061275706,3082.5865874133697,2941.478673642556,3046.1765259776266,56644175,82455435315.2
20260615,CUSTOM_DATA_CENTRE,3118.030960409735,3184.3278641087913,3038.6600467379194,3114.94760476848,52068732,68643831098.53
20260616,CUSTOM_DATA_CENTRE,3137.5184070697524,3204.7186068918654,3077.8574849994166,3145.024899422159,62710526,70515224943.98
20260617,CUSTOM_DATA_CENTRE,3154.7082588044477,3277.3548588946137,3117.489663062452,3235.724420879386,67041607,90703995634.94
20260618,CUSTOM_DATA_CENTRE,3256.1813717436266,3346.9836504892623,3202.027438780949,3291.3975844677952,70968058,84913536482.22
20260619,CUSTOM_DATA_CENTRE,3308.128272828594,3419.049750353455,3265.781134312799,3360.3406083654745,64634404,77069897966.87
20260622,CUSTOM_DATA_CENTRE,3407.1768740347816,3501.158113162169,3340.1753024154164,3435.4198415997407,85084280,70281709237.44
20260623,CUSTOM_DATA_CENTRE,3462.6541998017,3528.71774534253,3356.948740320748,3410.821998684854,79336267,87851058876.46
20260624,CUSTOM_DATA_CENTRE,3403.418134741616,3472.320107510108,3285.65313979895,3347.096184771477,53966110,66401941379.96
20260625,CUSTOM_DATA_CENTRE,3378.983487401689,3434.145476635998,3295.320665735598,3343.3488371844346,47380977,46559772891.97
20260629,CUSTOM_DATA_CENTRE,3343.367292542461,3412.30695024784,3220.730613618705,3311.753452377032,84745143,105301654024.59
20260630,CUSTOM_DATA_CENTRE,3315.130877148444,3404.5802894264616,3264.774333002086,3339.492187420638,59701487,51727202788.04
20260701,CUSTOM_DATA_CENTRE,3357.6892559976104,3424.340710768794,3284.481603595801,3328.435207515336,38929858,35712519899.479996
20260702,CUSTOM_DATA_CENTRE,3342.225150168927,3396.1441058636137,3253.312095369323,3315.280451787202,56602421,44701708150.56
20260703,CUSTOM_DATA_CENTRE,3305.124371680183,3352.5829597653933,3180.258961632043,3237.745546749872,76156949,100241502369.78
