symbol,regime_label,start_date,end_date,duration_days
NIFTY_50,STRONG_RISK_ON,2021-08-26,2021-10-28,26
NIFTY_50,RISK_ON,2021-10-29,2021-10-29,1
NIFTY_50,STRONG_RISK_ON,2021-11-01,2021-11-04,4
NIFTY_50,RISK_ON,2021-11-08,2021-11-18,9
NIFTY_50,NEUTRAL,2021-11-22,2021-12-03,10
NIFTY_50,RISK_OFF,2021-12-06,2021-12-06,1
NIFTY_50,NEUTRAL,2021-12-07,2021-12-16,8
NIFTY_50,RISK_OFF,2021-12-17,2021-12-27,7
NIFTY_50,NEUTRAL,2021-12-28,2022-01-03,5
NIFTY_50,RISK_ON,2022-01-04,2022-01-14,9
NIFTY_50,STRONG_RISK_ON,2022-01-17,2022-01-17,1
NIFTY_50,RISK_ON,2022-01-18,2022-01-20,3
NIFTY_50,NEUTRAL,2022-01-21,2022-02-01,7
NIFTY_50,RISK_ON,2022-02-02,2022-02-03,2
NIFTY_50,NEUTRAL,2022-02-04,2022-02-11,6
NIFTY_50,RISK_OFF,2022-02-14,2022-02-14,1
NIFTY_50,NEUTRAL,2022-02-15,2022-02-23,7
NIFTY_50,RISK_OFF,2022-02-25,2022-03-16,11
NIFTY_50,NEUTRAL,2022-03-17,2022-04-04,12
NIFTY_50,RISK_ON,2022-04-05,2022-04-05,1
NIFTY_50,NEUTRAL,2022-04-06,2022-04-13,6
NIFTY_50,RISK_OFF,2022-04-18,2022-04-20,3
NIFTY_50,NEUTRAL,2022-04-21,2022-04-21,1
NIFTY_50,RISK_OFF,2022-04-22,2022-05-17,17
NIFTY_50,STRONG_RISK_OFF,2022-05-18,2022-05-27,8
NIFTY_50,RISK_OFF,2022-05-30,2022-05-30,1
NIFTY_50,STRONG_RISK_OFF,2022-05-31,2022-07-07,26
NIFTY_50,RISK_OFF,2022-07-08,2022-07-11,2
NIFTY_50,STRONG_RISK_OFF,2022-07-12,2022-07-15,4
NIFTY_50,RISK_OFF,2022-07-18,2022-07-20,3
NIFTY_50,NEUTRAL,2022-07-21,2022-07-25,3
NIFTY_50,RISK_OFF,2022-07-26,2022-07-26,1
NIFTY_50,NEUTRAL,2022-07-27,2022-08-11,11
NIFTY_50,RISK_ON,2022-08-12,2022-08-16,2
NIFTY_50,STRONG_RISK_ON,2022-08-17,2022-08-18,2
NIFTY_50,RISK_ON,2022-08-19,2022-09-06,12
NIFTY_50,NEUTRAL,2022-09-07,2022-09-07,1
NIFTY_50,RISK_ON,2022-09-08,2022-09-15,6
NIFTY_50,NEUTRAL,2022-09-16,2022-09-22,5
NIFTY_50,RISK_OFF,2022-09-23,2022-10-03,7
NIFTY_50,NEUTRAL,2022-10-04,2022-10-07,3
NIFTY_50,RISK_OFF,2022-10-10,2022-10-14,5
NIFTY_50,NEUTRAL,2022-10-17,2022-11-10,15
NIFTY_50,RISK_ON,2022-11-17,2022-11-21,3
NIFTY_50,NEUTRAL,2022-11-22,2022-11-22,1
NIFTY_50,RISK_ON,2022-11-23,2022-12-02,2
NIFTY_50,STRONG_RISK_ON,2022-12-05,2022-12-05,1
NIFTY_50,RISK_ON,2022-12-06,2022-12-14,7
NIFTY_50,NEUTRAL,2022-12-15,2022-12-22,6
NIFTY_50,RISK_OFF,2022-12-23,2022-12-23,1
NIFTY_50,NEUTRAL,2022-12-26,2023-01-25,23
NIFTY_50,RISK_OFF,2023-01-27,2023-01-27,1
NIFTY_50,NEUTRAL,2023-01-30,2023-01-31,2
NIFTY_50,RISK_OFF,2023-02-01,2023-02-01,1
NIFTY_50,NEUTRAL,2023-02-02,2023-02-10,7
NIFTY_50,RISK_OFF,2023-02-13,2023-02-13,1
NIFTY_50,NEUTRAL,2023-02-14,2023-02-20,5
NIFTY_50,RISK_OFF,2023-02-21,2023-03-24,23
NIFTY_50,STRONG_RISK_OFF,2023-03-27,2023-03-29,3
NIFTY_50,RISK_OFF,2023-03-31,2023-04-10,5
NIFTY_50,NEUTRAL,2023-04-11,2023-05-02,14
NIFTY_50,RISK_ON,2023-05-03,2023-06-22,35
NIFTY_50,NEUTRAL,2023-06-23,2023-06-26,2
NIFTY_50,RISK_ON,2023-06-27,2023-07-10,2
NIFTY_50,STRONG_RISK_ON,2023-07-11,2023-07-11,1
NIFTY_50,RISK_ON,2023-07-12,2023-07-13,2
NIFTY_50,STRONG_RISK_ON,2023-07-21,2023-08-01,8
NIFTY_50,RISK_ON,2023-08-02,2023-08-16,10
NIFTY_50,NEUTRAL,2023-08-17,2023-08-18,2
NIFTY_50,RISK_ON,2023-08-21,2023-08-23,3
NIFTY_50,NEUTRAL,2023-08-24,2023-09-07,11
NIFTY_50,RISK_ON,2023-09-08,2023-09-20,3
NIFTY_50,NEUTRAL,2023-09-21,2023-10-20,21
NIFTY_50,RISK_OFF,2023-10-23,2023-11-01,7
NIFTY_50,NEUTRAL,2023-11-02,2023-11-28,17
NIFTY_50,RISK_ON,2023-11-29,2023-11-30,2
NIFTY_50,STRONG_RISK_ON,2023-12-21,2024-01-19,14
NIFTY_50,RISK_ON,2024-01-23,2024-01-23,1
NIFTY_50,STRONG_RISK_ON,2024-01-24,2024-02-07,10
NIFTY_50,RISK_ON,2024-02-08,2024-02-15,6
NIFTY_50,STRONG_RISK_ON,2024-02-16,2024-02-21,3
NIFTY_50,RISK_ON,2024-02-26,2024-03-18,9
NIFTY_50,NEUTRAL,2024-03-19,2024-03-21,3
NIFTY_50,RISK_ON,2024-03-22,2024-03-22,1
NIFTY_50,NEUTRAL,2024-03-26,2024-03-26,1
NIFTY_50,RISK_ON,2024-03-27,2024-03-27,1
NIFTY_50,NEUTRAL,2024-03-28,2024-03-28,1
NIFTY_50,RISK_ON,2024-04-01,2024-04-12,6
NIFTY_50,NEUTRAL,2024-04-15,2024-04-26,9
NIFTY_50,RISK_ON,2024-04-29,2024-05-02,3
NIFTY_50,NEUTRAL,2024-05-03,2024-05-22,13
NIFTY_50,RISK_ON,2024-05-28,2024-05-29,2
NIFTY_50,NEUTRAL,2024-05-30,2024-06-05,4
NIFTY_50,RISK_ON,2024-06-06,2024-06-06,1
NIFTY_50,STRONG_RISK_ON,2024-06-07,2024-08-02,17
NIFTY_50,RISK_ON,2024-08-05,2024-08-08,4
NIFTY_50,STRONG_RISK_ON,2024-08-09,2024-08-09,1
NIFTY_50,RISK_ON,2024-08-12,2024-08-14,3
NIFTY_50,STRONG_RISK_ON,2024-08-16,2024-09-09,14
NIFTY_50,RISK_ON,2024-09-10,2024-09-11,2
NIFTY_50,STRONG_RISK_ON,2024-09-30,2024-10-01,2
NIFTY_50,RISK_ON,2024-10-03,2024-10-03,1
NIFTY_50,NEUTRAL,2024-10-04,2024-10-11,6
NIFTY_50,RISK_ON,2024-10-14,2024-10-15,2
NIFTY_50,NEUTRAL,2024-10-16,2024-11-12,20
NIFTY_50,RISK_OFF,2024-11-13,2024-12-02,12
NIFTY_50,NEUTRAL,2024-12-03,2024-12-17,11
NIFTY_50,RISK_OFF,2024-12-18,2025-01-01,10
NIFTY_50,NEUTRAL,2025-01-02,2025-01-03,2
NIFTY_50,RISK_OFF,2025-01-06,2025-02-03,19
NIFTY_50,NEUTRAL,2025-02-04,2025-02-05,2
NIFTY_50,RISK_OFF,2025-02-06,2025-02-12,5
NIFTY_50,STRONG_RISK_OFF,2025-02-13,2025-03-19,17
NIFTY_50,RISK_OFF,2025-03-20,2025-03-21,2
NIFTY_50,NEUTRAL,2025-03-24,2025-03-28,5
NIFTY_50,RISK_OFF,2025-04-01,2025-04-04,4
NIFTY_50,STRONG_RISK_OFF,2025-04-07,2025-04-09,3
NIFTY_50,RISK_OFF,2025-04-11,2025-04-16,3
NIFTY_50,NEUTRAL,2025-04-17,2025-04-30,9
NIFTY_50,RISK_ON,2025-05-02,2025-05-07,4
NIFTY_50,NEUTRAL,2025-05-08,2025-05-09,2
NIFTY_50,RISK_ON,2025-05-13,2025-05-21,6
NIFTY_50,NEUTRAL,2025-05-22,2025-05-22,1
NIFTY_50,RISK_ON,2025-05-23,2025-05-30,6
NIFTY_50,NEUTRAL,2025-06-02,2025-06-05,4
NIFTY_50,RISK_ON,2025-06-06,2025-06-12,4
NIFTY_50,NEUTRAL,2025-06-13,2025-06-19,5
NIFTY_50,RISK_ON,2025-06-20,2025-06-20,1
NIFTY_50,NEUTRAL,2025-06-23,2025-06-24,2
NIFTY_50,RISK_ON,2025-07-01,2025-07-02,2
NIFTY_50,NEUTRAL,2025-07-03,2025-07-03,1
NIFTY_50,RISK_ON,2025-07-04,2025-07-04,1
NIFTY_50,NEUTRAL,2025-07-07,2025-07-07,1
NIFTY_50,RISK_ON,2025-07-08,2025-07-08,1
NIFTY_50,NEUTRAL,2025-07-09,2025-07-31,17
NIFTY_50,RISK_OFF,2025-08-01,2025-08-01,1
NIFTY_50,NEUTRAL,2025-08-04,2025-08-07,4
NIFTY_50,RISK_OFF,2025-08-08,2025-08-08,1
NIFTY_50,NEUTRAL,2025-08-11,2025-08-26,11
NIFTY_50,RISK_OFF,2025-08-28,2025-08-29,2
NIFTY_50,NEUTRAL,2025-09-01,2025-09-15,11
NIFTY_50,RISK_ON,2025-09-16,2025-09-16,1
NIFTY_50,NEUTRAL,2025-09-17,2025-09-19,3
NIFTY_50,RISK_ON,2025-09-22,2025-09-22,1
NIFTY_50,NEUTRAL,2025-09-23,2025-09-26,4
NIFTY_50,RISK_OFF,2025-09-29,2025-09-30,2
NIFTY_50,NEUTRAL,2025-10-01,2025-10-09,6
NIFTY_50,RISK_ON,2025-10-10,2025-10-10,1
NIFTY_50,NEUTRAL,2025-10-13,2025-10-15,3
NIFTY_50,RISK_ON,2025-10-16,2025-10-30,6
NIFTY_50,NEUTRAL,2025-10-31,2025-11-14,10
NIFTY_50,RISK_ON,2025-11-17,2025-11-17,1
NIFTY_50,NEUTRAL,2025-11-18,2025-11-18,1
NIFTY_50,RISK_ON,2025-11-19,2025-11-21,2
NIFTY_50,NEUTRAL,2025-11-24,2025-11-25,2
NIFTY_50,RISK_ON,2025-11-26,2025-12-02,5
NIFTY_50,NEUTRAL,2025-12-03,2025-12-03,1
NIFTY_50,RISK_ON,2025-12-04,2025-12-05,2
NIFTY_50,NEUTRAL,2025-12-08,2025-12-11,4
NIFTY_50,RISK_ON,2025-12-12,2025-12-12,1
NIFTY_50,NEUTRAL,2025-12-15,2025-12-19,5
NIFTY_50,RISK_ON,2025-12-22,2025-12-24,3
NIFTY_50,NEUTRAL,2025-12-26,2026-01-01,5
NIFTY_50,RISK_ON,2026-01-05,2026-01-06,2
NIFTY_50,NEUTRAL,2026-01-07,2026-01-08,2
NIFTY_50,RISK_OFF,2026-01-09,2026-01-09,1
NIFTY_50,NEUTRAL,2026-01-12,2026-01-12,1
NIFTY_50,RISK_OFF,2026-01-13,2026-01-13,1
NIFTY_50,NEUTRAL,2026-01-14,2026-01-14,1
NIFTY_50,RISK_OFF,2026-01-16,2026-02-02,11
NIFTY_50,NEUTRAL,2026-02-03,2026-02-04,2
NIFTY_50,RISK_OFF,2026-02-05,2026-02-05,1
NIFTY_50,NEUTRAL,2026-02-06,2026-02-12,5
NIFTY_50,RISK_OFF,2026-02-13,2026-02-16,2
NIFTY_50,NEUTRAL,2026-02-17,2026-02-18,2
NIFTY_50,RISK_OFF,2026-02-19,2026-02-20,2
NIFTY_50,NEUTRAL,2026-02-23,2026-02-23,1
NIFTY_50,RISK_OFF,2026-02-24,2026-03-11,10
NIFTY_50,STRONG_RISK_OFF,2026-03-17,2026-04-13,15
NIFTY_50,RISK_OFF,2026-04-15,2026-04-23,7
NIFTY_50,STRONG_RISK_OFF,2026-04-24,2026-04-28,3
NIFTY_50,RISK_OFF,2026-04-29,2026-04-29,1
NIFTY_50,STRONG_RISK_OFF,2026-04-30,2026-05-05,3
NIFTY_50,RISK_OFF,2026-05-06,2026-05-08,3
NIFTY_50,STRONG_RISK_OFF,2026-05-11,2026-05-22,10
NIFTY_50,RISK_OFF,2026-05-25,2026-05-27,3
NIFTY_50,STRONG_RISK_OFF,2026-05-29,2026-06-12,11
NIFTY_50,RISK_OFF,2026-06-15,2026-06-19,5
NIFTY_MIDCAP_100,STRONG_RISK_ON,2021-07-16,2021-07-19,2
NIFTY_MIDCAP_100,RISK_ON,2021-07-20,2021-07-30,8
NIFTY_MIDCAP_100,STRONG_RISK_ON,2021-08-03,2021-08-03,1
NIFTY_MIDCAP_100,RISK_ON,2021-08-04,2021-08-09,4
NIFTY_MIDCAP_100,NEUTRAL,2021-08-10,2021-08-11,2
NIFTY_MIDCAP_100,RISK_ON,2021-08-12,2021-08-13,2
NIFTY_MIDCAP_100,NEUTRAL,2021-08-16,2021-08-17,2
NIFTY_MIDCAP_100,RISK_ON,2021-08-18,2021-08-20,2
NIFTY_MIDCAP_100,NEUTRAL,2021-08-23,2021-08-27,5
NIFTY_MIDCAP_100,RISK_ON,2021-08-30,2021-09-06,6
NIFTY_MIDCAP_100,NEUTRAL,2021-09-07,2021-09-08,2
NIFTY_MIDCAP_100,RISK_ON,2021-09-09,2021-09-29,14
NIFTY_MIDCAP_100,STRONG_RISK_ON,2021-10-19,2021-10-20,2
NIFTY_MIDCAP_100,RISK_ON,2021-10-21,2021-10-22,2
NIFTY_MIDCAP_100,NEUTRAL,2021-10-25,2021-10-25,1
NIFTY_MIDCAP_100,STRONG_RISK_ON,2021-10-26,2021-10-27,2
NIFTY_MIDCAP_100,RISK_ON,2021-10-28,2021-10-28,1
NIFTY_MIDCAP_100,NEUTRAL,2021-10-29,2021-10-29,1
NIFTY_MIDCAP_100,RISK_ON,2021-11-01,2021-11-03,3
NIFTY_MIDCAP_100,STRONG_RISK_ON,2021-11-04,2021-11-08,2
NIFTY_MIDCAP_100,RISK_ON,2021-11-09,2021-11-22,9
NIFTY_MIDCAP_100,NEUTRAL,2021-11-23,2021-11-26,4
NIFTY_MIDCAP_100,RISK_OFF,2021-11-29,2021-12-01,3
NIFTY_MIDCAP_100,NEUTRAL,2021-12-02,2021-12-17,12
NIFTY_MIDCAP_100,RISK_OFF,2021-12-20,2021-12-27,6
NIFTY_MIDCAP_100,NEUTRAL,2021-12-28,2022-01-13,13
NIFTY_MIDCAP_100,RISK_ON,2022-01-14,2022-01-17,2
NIFTY_MIDCAP_100,NEUTRAL,2022-01-18,2022-01-21,4
NIFTY_MIDCAP_100,RISK_OFF,2022-01-24,2022-01-24,1
NIFTY_MIDCAP_100,NEUTRAL,2022-01-25,2022-01-25,1
NIFTY_MIDCAP_100,RISK_OFF,2022-01-27,2022-01-28,2
NIFTY_MIDCAP_100,NEUTRAL,2022-01-31,2022-02-04,5
NIFTY_MIDCAP_100,RISK_OFF,2022-02-07,2022-02-08,2
NIFTY_MIDCAP_100,NEUTRAL,2022-02-09,2022-02-10,2
NIFTY_MIDCAP_100,RISK_OFF,2022-02-11,2022-02-22,8
NIFTY_MIDCAP_100,STRONG_RISK_OFF,2022-02-23,2022-02-24,2
NIFTY_MIDCAP_100,RISK_OFF,2022-02-25,2022-02-25,1
NIFTY_MIDCAP_100,STRONG_RISK_OFF,2022-02-28,2022-02-28,1
NIFTY_MIDCAP_100,RISK_OFF,2022-03-02,2022-03-03,2
NIFTY_MIDCAP_100,STRONG_RISK_OFF,2022-03-04,2022-03-04,1
NIFTY_MIDCAP_100,RISK_OFF,2022-03-07,2022-03-07,1
NIFTY_MIDCAP_100,STRONG_RISK_OFF,2022-03-08,2022-03-09,2
NIFTY_MIDCAP_100,RISK_OFF,2022-03-10,2022-03-10,1
NIFTY_MIDCAP_100,STRONG_RISK_OFF,2022-03-11,2022-03-11,1
NIFTY_MIDCAP_100,RISK_OFF,2022-03-14,2022-03-23,7
NIFTY_MIDCAP_100,NEUTRAL,2022-03-24,2022-05-02,26
NIFTY_MIDCAP_100,RISK_OFF,2022-05-04,2022-05-09,4
NIFTY_MIDCAP_100,STRONG_RISK_OFF,2022-05-10,2022-05-16,5
NIFTY_MIDCAP_100,RISK_OFF,2022-05-17,2022-05-18,2
NIFTY_MIDCAP_100,STRONG_RISK_OFF,2022-05-19,2022-05-19,1
NIFTY_MIDCAP_100,RISK_OFF,2022-05-20,2022-05-23,2
NIFTY_MIDCAP_100,STRONG_RISK_OFF,2022-05-24,2022-07-06,29
NIFTY_MIDCAP_100,RISK_OFF,2022-07-07,2022-07-18,8
NIFTY_MIDCAP_100,NEUTRAL,2022-07-19,2022-08-11,17
NIFTY_MIDCAP_100,RISK_ON,2022-08-12,2022-08-19,5
NIFTY_MIDCAP_100,NEUTRAL,2022-08-22,2022-08-23,2
NIFTY_MIDCAP_100,RISK_ON,2022-08-24,2022-08-26,3
NIFTY_MIDCAP_100,NEUTRAL,2022-08-29,2022-08-29,1
NIFTY_MIDCAP_100,RISK_ON,2022-08-30,2022-09-05,4
NIFTY_MIDCAP_100,STRONG_RISK_ON,2022-09-07,2022-09-07,1
NIFTY_MIDCAP_100,RISK_ON,2022-09-08,2022-09-09,2
NIFTY_MIDCAP_100,STRONG_RISK_ON,2022-09-12,2022-09-12,1
NIFTY_MIDCAP_100,RISK_ON,2022-09-13,2022-09-15,3
NIFTY_MIDCAP_100,NEUTRAL,2022-09-16,2022-09-19,2
NIFTY_MIDCAP_100,RISK_ON,2022-09-20,2022-09-20,1
NIFTY_MIDCAP_100,NEUTRAL,2022-09-21,2022-09-23,3
NIFTY_MIDCAP_100,RISK_OFF,2022-09-26,2022-09-26,1
NIFTY_MIDCAP_100,NEUTRAL,2022-09-27,2022-09-27,1
NIFTY_MIDCAP_100,RISK_OFF,2022-09-28,2022-09-29,2
NIFTY_MIDCAP_100,NEUTRAL,2022-09-30,2022-12-01,42
NIFTY_MIDCAP_100,RISK_ON,2022-12-02,2022-12-05,2
NIFTY_MIDCAP_100,NEUTRAL,2022-12-06,2022-12-13,6
NIFTY_MIDCAP_100,RISK_ON,2022-12-14,2022-12-14,1
NIFTY_MIDCAP_100,NEUTRAL,2022-12-15,2022-12-22,6
NIFTY_MIDCAP_100,RISK_OFF,2022-12-23,2022-12-30,6
NIFTY_MIDCAP_100,NEUTRAL,2023-01-02,2023-01-03,2
NIFTY_MIDCAP_100,RISK_OFF,2023-01-04,2023-01-06,3
NIFTY_MIDCAP_100,NEUTRAL,2023-01-09,2023-01-09,1
NIFTY_MIDCAP_100,RISK_OFF,2023-01-10,2023-01-27,13
NIFTY_MIDCAP_100,STRONG_RISK_OFF,2023-01-30,2023-01-30,1
NIFTY_MIDCAP_100,RISK_OFF,2023-01-31,2023-02-01,2
NIFTY_MIDCAP_100,STRONG_RISK_OFF,2023-02-02,2023-02-03,2
NIFTY_MIDCAP_100,RISK_OFF,2023-02-06,2023-02-13,6
NIFTY_MIDCAP_100,STRONG_RISK_OFF,2023-02-14,2023-02-14,1
NIFTY_MIDCAP_100,RISK_OFF,2023-02-15,2023-02-21,5
NIFTY_MIDCAP_100,STRONG_RISK_OFF,2023-02-22,2023-02-28,5
NIFTY_MIDCAP_100,RISK_OFF,2023-03-01,2023-03-03,3
NIFTY_MIDCAP_100,NEUTRAL,2023-03-06,2023-03-09,3
NIFTY_MIDCAP_100,RISK_OFF,2023-03-10,2023-03-23,10
NIFTY_MIDCAP_100,STRONG_RISK_OFF,2023-03-24,2023-03-28,3
NIFTY_MIDCAP_100,RISK_OFF,2023-03-29,2023-03-29,1
NIFTY_MIDCAP_100,STRONG_RISK_OFF,2023-03-31,2023-04-06,4
NIFTY_MIDCAP_100,RISK_OFF,2023-04-10,2023-04-12,3
NIFTY_MIDCAP_100,NEUTRAL,2023-04-13,2023-05-25,29
NIFTY_MIDCAP_100,RISK_ON,2023-05-26,2023-06-15,15
NIFTY_MIDCAP_100,STRONG_RISK_ON,2023-06-19,2023-06-21,3
NIFTY_MIDCAP_100,RISK_ON,2023-06-22,2023-07-11,10
NIFTY_MIDCAP_100,STRONG_RISK_ON,2023-07-12,2023-07-12,1
NIFTY_MIDCAP_100,RISK_ON,2023-07-13,2023-07-13,1
NIFTY_MIDCAP_100,STRONG_RISK_ON,2023-07-14,2023-07-21,6
NIFTY_MIDCAP_100,RISK_ON,2023-07-24,2023-07-31,6
NIFTY_MIDCAP_100,STRONG_RISK_ON,2023-08-01,2023-08-01,1
NIFTY_MIDCAP_100,RISK_ON,2023-08-02,2023-08-03,2
NIFTY_MIDCAP_100,STRONG_RISK_ON,2023-08-04,2023-08-09,4
NIFTY_MIDCAP_100,RISK_ON,2023-08-10,2023-08-10,1
NIFTY_MIDCAP_100,STRONG_RISK_ON,2023-08-11,2023-08-17,4
NIFTY_MIDCAP_100,RISK_ON,2023-08-18,2023-08-18,1
NIFTY_MIDCAP_100,STRONG_RISK_ON,2023-08-21,2023-08-28,6
NIFTY_MIDCAP_100,RISK_ON,2023-08-29,2023-09-01,4
NIFTY_MIDCAP_100,STRONG_RISK_ON,2023-09-04,2023-09-15,4
NIFTY_MIDCAP_100,RISK_ON,2023-09-18,2023-09-27,7
NIFTY_MIDCAP_100,NEUTRAL,2023-09-28,2023-09-28,1
NIFTY_MIDCAP_100,RISK_ON,2023-09-29,2023-10-03,2
NIFTY_MIDCAP_100,NEUTRAL,2023-10-04,2023-10-16,9
NIFTY_MIDCAP_100,RISK_ON,2023-10-17,2023-10-17,1
NIFTY_MIDCAP_100,NEUTRAL,2023-10-18,2023-10-20,3
NIFTY_MIDCAP_100,RISK_OFF,2023-10-23,2023-10-23,1
NIFTY_MIDCAP_100,NEUTRAL,2023-10-25,2023-10-25,1
NIFTY_MIDCAP_100,RISK_OFF,2023-10-26,2023-11-01,5
NIFTY_MIDCAP_100,NEUTRAL,2023-11-02,2023-11-15,9
NIFTY_MIDCAP_100,RISK_ON,2023-11-16,2023-11-29,9
NIFTY_MIDCAP_100,STRONG_RISK_ON,2023-12-05,2024-01-17,30
NIFTY_MIDCAP_100,RISK_ON,2024-01-18,2024-01-18,1
NIFTY_MIDCAP_100,STRONG_RISK_ON,2024-01-19,2024-01-19,1
NIFTY_MIDCAP_100,RISK_ON,2024-01-23,2024-01-25,3
NIFTY_MIDCAP_100,STRONG_RISK_ON,2024-01-29,2024-01-29,1
NIFTY_MIDCAP_100,RISK_ON,2024-01-30,2024-01-30,1
NIFTY_MIDCAP_100,STRONG_RISK_ON,2024-01-31,2024-02-06,5
NIFTY_MIDCAP_100,RISK_ON,2024-02-07,2024-02-07,1
NIFTY_MIDCAP_100,STRONG_RISK_ON,2024-02-08,2024-02-08,1
NIFTY_MIDCAP_100,RISK_ON,2024-02-09,2024-02-27,13
NIFTY_MIDCAP_100,NEUTRAL,2024-02-28,2024-02-29,2
NIFTY_MIDCAP_100,RISK_ON,2024-03-01,2024-03-05,3
NIFTY_MIDCAP_100,NEUTRAL,2024-03-06,2024-03-12,4
NIFTY_MIDCAP_100,RISK_OFF,2024-03-13,2024-03-13,1
NIFTY_MIDCAP_100,NEUTRAL,2024-03-14,2024-03-18,3
NIFTY_MIDCAP_100,RISK_OFF,2024-03-19,2024-03-20,2
NIFTY_MIDCAP_100,NEUTRAL,2024-03-21,2024-04-04,9
NIFTY_MIDCAP_100,RISK_ON,2024-04-05,2024-04-12,5
NIFTY_MIDCAP_100,NEUTRAL,2024-04-15,2024-04-22,5
NIFTY_MIDCAP_100,RISK_ON,2024-04-23,2024-05-06,9
NIFTY_MIDCAP_100,NEUTRAL,2024-05-07,2024-05-13,5
NIFTY_MIDCAP_100,RISK_ON,2024-05-14,2024-05-16,3
NIFTY_MIDCAP_100,STRONG_RISK_ON,2024-05-17,2024-05-24,5
NIFTY_MIDCAP_100,RISK_ON,2024-05-27,2024-05-29,3
NIFTY_MIDCAP_100,STRONG_RISK_ON,2024-05-30,2024-05-30,1
NIFTY_MIDCAP_100,RISK_ON,2024-05-31,2024-05-31,1
NIFTY_MIDCAP_100,STRONG_RISK_ON,2024-06-03,2024-06-03,1
NIFTY_MIDCAP_100,RISK_ON,2024-06-04,2024-06-04,1
NIFTY_MIDCAP_100,NEUTRAL,2024-06-05,2024-06-05,1
NIFTY_MIDCAP_100,RISK_ON,2024-06-06,2024-06-11,4
NIFTY_MIDCAP_100,STRONG_RISK_ON,2024-06-12,2024-06-25,6
NIFTY_MIDCAP_100,RISK_ON,2024-06-26,2024-06-28,3
NIFTY_MIDCAP_100,STRONG_RISK_ON,2024-07-01,2024-07-01,1
NIFTY_MIDCAP_100,RISK_ON,2024-07-02,2024-07-02,1
NIFTY_MIDCAP_100,STRONG_RISK_ON,2024-07-03,2024-07-18,11
NIFTY_MIDCAP_100,RISK_ON,2024-07-19,2024-07-23,3
NIFTY_MIDCAP_100,STRONG_RISK_ON,2024-07-24,2024-07-24,1
NIFTY_MIDCAP_100,RISK_ON,2024-07-25,2024-07-25,1
NIFTY_MIDCAP_100,STRONG_RISK_ON,2024-07-26,2024-08-02,6
NIFTY_MIDCAP_100,RISK_ON,2024-08-05,2024-08-05,1
NIFTY_MIDCAP_100,NEUTRAL,2024-08-06,2024-08-06,1
NIFTY_MIDCAP_100,RISK_ON,2024-08-07,2024-08-20,9
NIFTY_MIDCAP_100,STRONG_RISK_ON,2024-08-21,2024-08-29,7
NIFTY_MIDCAP_100,RISK_ON,2024-08-30,2024-09-05,5
NIFTY_MIDCAP_100,NEUTRAL,2024-09-06,2024-09-06,1
NIFTY_MIDCAP_100,RISK_ON,2024-09-09,2024-09-10,2
NIFTY_MIDCAP_100,NEUTRAL,2024-09-11,2024-09-11,1
NIFTY_MIDCAP_100,RISK_ON,2024-09-12,2024-09-27,10
NIFTY_MIDCAP_100,NEUTRAL,2024-09-30,2024-10-21,15
NIFTY_MIDCAP_100,RISK_OFF,2024-10-22,2024-10-29,6
NIFTY_MIDCAP_100,NEUTRAL,2024-10-30,2024-10-30,1
NIFTY_MIDCAP_100,RISK_OFF,2024-10-31,2024-11-27,18
NIFTY_MIDCAP_100,NEUTRAL,2024-11-28,2024-11-28,1
NIFTY_MIDCAP_100,RISK_OFF,2024-11-29,2024-11-29,1
NIFTY_MIDCAP_100,NEUTRAL,2024-12-02,2024-12-09,6
NIFTY_MIDCAP_100,RISK_ON,2024-12-10,2024-12-17,6
NIFTY_MIDCAP_100,NEUTRAL,2024-12-18,2025-01-08,15
NIFTY_MIDCAP_100,RISK_OFF,2025-01-09,2025-01-10,2
NIFTY_MIDCAP_100,STRONG_RISK_OFF,2025-01-14,2025-01-15,2
NIFTY_MIDCAP_100,RISK_OFF,2025-01-16,2025-01-20,3
NIFTY_MIDCAP_100,STRONG_RISK_OFF,2025-01-21,2025-03-20,35
NIFTY_MIDCAP_100,RISK_OFF,2025-03-21,2025-03-28,6
NIFTY_MIDCAP_100,STRONG_RISK_OFF,2025-04-01,2025-04-01,1
NIFTY_MIDCAP_100,RISK_OFF,2025-04-02,2025-04-03,2
NIFTY_MIDCAP_100,STRONG_RISK_OFF,2025-04-04,2025-04-11,5
NIFTY_MIDCAP_100,RISK_OFF,2025-04-15,2025-04-22,5
NIFTY_MIDCAP_100,NEUTRAL,2025-04-23,2025-04-29,5
NIFTY_MIDCAP_100,RISK_OFF,2025-04-30,2025-05-02,2
NIFTY_MIDCAP_100,NEUTRAL,2025-05-05,2025-05-06,2
NIFTY_MIDCAP_100,RISK_OFF,2025-05-07,2025-05-09,3
NIFTY_MIDCAP_100,NEUTRAL,2025-05-12,2025-06-06,20
NIFTY_MIDCAP_100,RISK_ON,2025-06-09,2025-06-11,3
NIFTY_MIDCAP_100,NEUTRAL,2025-06-12,2025-06-27,12
NIFTY_MIDCAP_100,RISK_ON,2025-06-30,2025-07-04,5
NIFTY_MIDCAP_100,NEUTRAL,2025-07-07,2025-07-24,14
NIFTY_MIDCAP_100,RISK_OFF,2025-07-25,2025-08-18,16
NIFTY_MIDCAP_100,NEUTRAL,2025-08-19,2025-08-25,5
NIFTY_MIDCAP_100,RISK_OFF,2025-08-26,2025-09-02,5
NIFTY_MIDCAP_100,NEUTRAL,2025-09-03,2025-09-03,1
NIFTY_MIDCAP_100,RISK_OFF,2025-09-04,2025-09-09,4
NIFTY_MIDCAP_100,NEUTRAL,2025-09-10,2025-09-25,12
NIFTY_MIDCAP_100,RISK_OFF,2025-09-26,2025-10-01,4
NIFTY_MIDCAP_100,NEUTRAL,2025-10-03,2025-11-14,28
NIFTY_MIDCAP_100,RISK_ON,2025-11-17,2025-11-17,1
NIFTY_MIDCAP_100,NEUTRAL,2025-11-18,2025-12-09,16
NIFTY_MIDCAP_100,RISK_OFF,2025-12-10,2025-12-10,1
NIFTY_MIDCAP_100,NEUTRAL,2025-12-11,2026-01-08,20
NIFTY_MIDCAP_100,RISK_OFF,2026-01-09,2026-01-22,10
NIFTY_MIDCAP_100,STRONG_RISK_OFF,2026-01-23,2026-01-23,1
NIFTY_MIDCAP_100,RISK_OFF,2026-01-27,2026-02-02,5
NIFTY_MIDCAP_100,NEUTRAL,2026-02-03,2026-02-12,8
NIFTY_MIDCAP_100,RISK_OFF,2026-02-13,2026-02-13,1
NIFTY_MIDCAP_100,NEUTRAL,2026-02-16,2026-02-18,3
NIFTY_MIDCAP_100,RISK_OFF,2026-02-19,2026-02-25,5
NIFTY_MIDCAP_100,NEUTRAL,2026-02-26,2026-02-26,1
NIFTY_MIDCAP_100,RISK_OFF,2026-02-27,2026-03-02,2
NIFTY_MIDCAP_100,STRONG_RISK_OFF,2026-03-04,2026-03-04,1
NIFTY_MIDCAP_100,RISK_OFF,2026-03-05,2026-03-06,2
NIFTY_MIDCAP_100,STRONG_RISK_OFF,2026-03-09,2026-03-09,1
NIFTY_MIDCAP_100,RISK_OFF,2026-03-10,2026-03-10,1
NIFTY_MIDCAP_100,STRONG_RISK_OFF,2026-03-11,2026-04-07,13
NIFTY_MIDCAP_100,RISK_OFF,2026-04-08,2026-04-27,13
NIFTY_MIDCAP_100,NEUTRAL,2026-04-28,2026-05-25,20
NIFTY_MIDCAP_100,RISK_ON,2026-05-26,2026-05-28,3
NIFTY_MIDCAP_100,NEUTRAL,2026-05-29,2026-06-05,6
NIFTY_MIDCAP_100,RISK_OFF,2026-06-08,2026-06-08,1
NIFTY_MIDCAP_100,NEUTRAL,2026-06-09,2026-06-09,1
NIFTY_MIDCAP_100,RISK_OFF,2026-06-10,2026-06-11,2
NIFTY_MIDCAP_100,NEUTRAL,2026-06-12,2026-06-19,6
NIFTY_SMALLCAP_250,RISK_ON,2024-10-23,2024-10-24,2
NIFTY_SMALLCAP_250,NEUTRAL,2024-10-25,2024-10-30,4
NIFTY_SMALLCAP_250,RISK_ON,2024-10-31,2024-11-07,6
NIFTY_SMALLCAP_250,NEUTRAL,2024-11-08,2024-11-27,12
NIFTY_SMALLCAP_250,RISK_ON,2024-11-28,2024-11-29,2
NIFTY_SMALLCAP_250,STRONG_RISK_ON,2024-12-02,2024-12-19,14
NIFTY_SMALLCAP_250,RISK_ON,2024-12-20,2024-12-20,1
NIFTY_SMALLCAP_250,NEUTRAL,2024-12-23,2024-12-31,6
NIFTY_SMALLCAP_250,RISK_ON,2025-01-01,2025-01-03,3
NIFTY_SMALLCAP_250,NEUTRAL,2025-01-06,2025-01-23,13
NIFTY_SMALLCAP_250,STRONG_RISK_OFF,2025-01-29,2025-01-30,2
NIFTY_SMALLCAP_250,RISK_OFF,2025-01-31,2025-01-31,1
NIFTY_SMALLCAP_250,STRONG_RISK_OFF,2025-02-01,2025-02-01,1
NIFTY_SMALLCAP_250,RISK_OFF,2025-02-03,2025-02-10,6
NIFTY_SMALLCAP_250,STRONG_RISK_OFF,2025-02-11,2025-03-19,20
NIFTY_SMALLCAP_250,RISK_OFF,2025-03-20,2025-03-21,2
NIFTY_SMALLCAP_250,NEUTRAL,2025-03-24,2025-03-24,1
NIFTY_SMALLCAP_250,RISK_OFF,2025-03-25,2025-04-02,6
NIFTY_SMALLCAP_250,NEUTRAL,2025-04-03,2025-04-03,1
NIFTY_SMALLCAP_250,RISK_OFF,2025-04-04,2025-04-04,1
NIFTY_SMALLCAP_250,STRONG_RISK_OFF,2025-04-07,2025-04-07,1
NIFTY_SMALLCAP_250,RISK_OFF,2025-04-08,2025-04-08,1
NIFTY_SMALLCAP_250,STRONG_RISK_OFF,2025-04-09,2025-04-09,1
NIFTY_SMALLCAP_250,RISK_OFF,2025-04-11,2025-04-15,2
NIFTY_SMALLCAP_250,NEUTRAL,2025-04-16,2025-04-29,9
NIFTY_SMALLCAP_250,RISK_OFF,2025-04-30,2025-05-02,2
NIFTY_SMALLCAP_250,NEUTRAL,2025-05-05,2025-05-05,1
NIFTY_SMALLCAP_250,RISK_OFF,2025-05-06,2025-05-09,4
NIFTY_SMALLCAP_250,NEUTRAL,2025-05-12,2025-05-27,12
NIFTY_SMALLCAP_250,RISK_ON,2025-05-28,2025-06-09,9
NIFTY_SMALLCAP_250,STRONG_RISK_ON,2025-06-10,2025-06-11,2
NIFTY_SMALLCAP_250,RISK_ON,2025-06-12,2025-06-12,1
NIFTY_SMALLCAP_250,STRONG_RISK_ON,2025-06-13,2025-06-13,1
NIFTY_SMALLCAP_250,RISK_ON,2025-06-16,2025-06-30,11
NIFTY_SMALLCAP_250,STRONG_RISK_ON,2025-07-01,2025-07-24,18
NIFTY_SMALLCAP_250,NEUTRAL,2025-07-25,2025-08-25,21
NIFTY_SMALLCAP_250,RISK_OFF,2025-08-26,2025-09-02,5
NIFTY_SMALLCAP_250,NEUTRAL,2025-09-03,2025-09-03,1
NIFTY_SMALLCAP_250,RISK_OFF,2025-09-04,2025-09-08,3
NIFTY_SMALLCAP_250,NEUTRAL,2025-09-09,2025-09-16,6
NIFTY_SMALLCAP_250,RISK_ON,2025-09-17,2025-09-22,4
NIFTY_SMALLCAP_250,NEUTRAL,2025-09-23,2025-12-04,49
NIFTY_SMALLCAP_250,RISK_OFF,2025-12-05,2025-12-18,8
NIFTY_SMALLCAP_250,NEUTRAL,2025-12-22,2025-12-26,4
NIFTY_SMALLCAP_250,RISK_OFF,2025-12-29,2026-01-06,7
NIFTY_SMALLCAP_250,NEUTRAL,2026-01-07,2026-01-07,1
NIFTY_SMALLCAP_250,RISK_OFF,2026-01-08,2026-01-22,9
NIFTY_SMALLCAP_250,STRONG_RISK_OFF,2026-01-23,2026-01-27,2
NIFTY_SMALLCAP_250,RISK_OFF,2026-01-28,2026-02-02,4
NIFTY_SMALLCAP_250,NEUTRAL,2026-02-03,2026-02-04,2
NIFTY_SMALLCAP_250,RISK_OFF,2026-02-05,2026-02-06,2
NIFTY_SMALLCAP_250,NEUTRAL,2026-02-09,2026-02-12,4
NIFTY_SMALLCAP_250,RISK_OFF,2026-02-13,2026-02-17,3
NIFTY_SMALLCAP_250,NEUTRAL,2026-02-18,2026-02-18,1
NIFTY_SMALLCAP_250,RISK_OFF,2026-02-19,2026-03-12,12
NIFTY_SMALLCAP_250,STRONG_RISK_OFF,2026-03-17,2026-04-07,12
NIFTY_SMALLCAP_250,NEUTRAL,2026-04-08,2026-04-16,6
NIFTY_SMALLCAP_250,RISK_ON,2026-04-17,2026-04-23,5
NIFTY_SMALLCAP_250,NEUTRAL,2026-04-24,2026-04-24,1
NIFTY_SMALLCAP_250,RISK_ON,2026-04-27,2026-05-28,24
NIFTY_SMALLCAP_250,STRONG_RISK_ON,2026-05-29,2026-06-04,5
NIFTY_SMALLCAP_250,RISK_ON,2026-06-05,2026-06-10,4
NIFTY_SMALLCAP_250,NEUTRAL,2026-06-11,2026-06-11,1
NIFTY_SMALLCAP_250,RISK_ON,2026-06-12,2026-06-19,6
